-- Oracle Seed Data Generation for BAC
SET DEFINE OFF;
ALTER SESSION SET NLS_DATE_FORMAT = 'YYYY-MM-DD HH24:MI:SS';

-- CLEANUP
DELETE FROM qc_record;
DELETE FROM transport_ticket;
DELETE FROM purchase_ticket;
DELETE FROM weighing_ticket;
DELETE FROM cultivation_log;
DELETE FROM sensor_data;
DELETE FROM inventory;
DELETE FROM production_lot;
DELETE FROM purchase_batch;
DELETE FROM iot_sensor;
DELETE FROM farm_bed;
DELETE FROM purchase_contract;
DELETE FROM farm_plot;
DELETE FROM product;
DELETE FROM ingredient;
DELETE FROM supplier;
DELETE FROM warehouse;
DELETE FROM farm;

-- Data for farm
INSERT INTO farm (farm_id, farm_name, location, region, site_id) VALUES ('FARM-c56a6d93', 'FARM_SITE_BAC', 'Mien Bac', 'BAC', 'farm-bac');

-- Data for warehouse
INSERT INTO warehouse (warehouse_id, warehouse_name, location, capacity_ton, region, site_id) VALUES ('WH-703f9528', 'Cold Hub Bac', 'Noi Bai Logistics', 60.0, 'BAC', 'farm-bac');
INSERT INTO warehouse (warehouse_id, warehouse_name, location, capacity_ton, region, site_id) VALUES ('WH-4e57ef22', 'Dry Hub Bac', 'Gia Lam ICD', 120.0, 'BAC', 'farm-bac');

-- Data for supplier
INSERT INTO supplier (supplier_id, supplier_name, supplier_type, phone, address, region, site_id) VALUES ('SUP-c8ca0e0a', 'AgriTech Bac', 'Materials', '0909111001', 'Ha Noi', 'BAC', 'farm-bac');
INSERT INTO supplier (supplier_id, supplier_name, supplier_type, phone, address, region, site_id) VALUES ('SUP-43482fa5', 'Green Seeds Bac', 'Seeds', '0909111002', 'Bac Ninh', 'BAC', 'farm-bac');
INSERT INTO supplier (supplier_id, supplier_name, supplier_type, phone, address, region, site_id) VALUES ('SUP-e13e4fae', 'BioChem Bac', 'Chemicals', '0909111003', 'Hai Phong', 'BAC', 'farm-bac');

-- Data for ingredient
INSERT INTO ingredient (ingredient_id, name, region, site_id) VALUES ('ING-43a50faa', 'Aloe Vera Seedlings', 'BAC', 'farm-bac');
INSERT INTO ingredient (ingredient_id, name, region, site_id) VALUES ('ING-8ae65dd1', 'Organic NPK Fertilizer', 'BAC', 'farm-bac');
INSERT INTO ingredient (ingredient_id, name, region, site_id) VALUES ('ING-9f286caf', 'Biological Pesticide', 'BAC', 'farm-bac');
INSERT INTO ingredient (ingredient_id, name, region, site_id) VALUES ('ING-2bac10f7', 'Coco Peat Substrate', 'BAC', 'farm-bac');
INSERT INTO ingredient (ingredient_id, name, region, site_id) VALUES ('ING-2300be64', 'Trace Mineral Mix', 'BAC', 'farm-bac');

-- Data for product
INSERT INTO product (product_id, product_name, ingredient_id, region, site_id) VALUES ('PROD-0cc5e058', 'Fresh Aloe Vera - Bac', 'ING-43a50faa', 'BAC', 'farm-bac');
INSERT INTO product (product_id, product_name, ingredient_id, region, site_id) VALUES ('PROD-e51f7af7', 'Aloe Vera Gel - Bac', 'ING-43a50faa', 'BAC', 'farm-bac');

-- Data for farm_plot
INSERT INTO farm_plot (plot_id, farm_id, plot_name, crop_type, area_m2, region, site_id) VALUES ('PLOT-A-9bba60f6', 'FARM-c56a6d93', 'Zone A', 'Hydroponic', 1000.0, 'BAC', 'farm-bac');
INSERT INTO farm_plot (plot_id, farm_id, plot_name, crop_type, area_m2, region, site_id) VALUES ('PLOT-B-44e4755d', 'FARM-c56a6d93', 'Zone B', 'Soil', 1500.0, 'BAC', 'farm-bac');
INSERT INTO farm_plot (plot_id, farm_id, plot_name, crop_type, area_m2, region, site_id) VALUES ('PLOT-C-74009cd9', 'FARM-c56a6d93', 'Zone C', 'Greenhouse', 500.0, 'BAC', 'farm-bac');
INSERT INTO farm_plot (plot_id, farm_id, plot_name, crop_type, area_m2, region, site_id) VALUES ('PLOT-D-95f45f94', 'FARM-c56a6d93', 'Zone D', 'Outdoor', 1500.0, 'BAC', 'farm-bac');

-- Data for farm_bed
INSERT INTO farm_bed (bed_id, plot_id, bed_number, planting_date, status, region, site_id) VALUES ('BED-A1-894ff590', 'PLOT-A-9bba60f6', 1, TO_DATE('2026-01-31 00:00:00', 'YYYY-MM-DD HH24:MI:SS'), 'Growing', 'BAC', 'farm-bac');
INSERT INTO farm_bed (bed_id, plot_id, bed_number, planting_date, status, region, site_id) VALUES ('BED-A2-f5db7c3e', 'PLOT-A-9bba60f6', 2, TO_DATE('2026-01-28 00:00:00', 'YYYY-MM-DD HH24:MI:SS'), 'Harvestable', 'BAC', 'farm-bac');
INSERT INTO farm_bed (bed_id, plot_id, bed_number, planting_date, status, region, site_id) VALUES ('BED-A3-e4fe60db', 'PLOT-A-9bba60f6', 3, TO_DATE('2026-02-10 00:00:00', 'YYYY-MM-DD HH24:MI:SS'), 'Empty', 'BAC', 'farm-bac');
INSERT INTO farm_bed (bed_id, plot_id, bed_number, planting_date, status, region, site_id) VALUES ('BED-A4-489bdcbc', 'PLOT-A-9bba60f6', 4, TO_DATE('2026-03-14 00:00:00', 'YYYY-MM-DD HH24:MI:SS'), 'Planted', 'BAC', 'farm-bac');
INSERT INTO farm_bed (bed_id, plot_id, bed_number, planting_date, status, region, site_id) VALUES ('BED-A5-96195eba', 'PLOT-A-9bba60f6', 5, TO_DATE('2026-02-28 00:00:00', 'YYYY-MM-DD HH24:MI:SS'), 'Planted', 'BAC', 'farm-bac');
INSERT INTO farm_bed (bed_id, plot_id, bed_number, planting_date, status, region, site_id) VALUES ('BED-B1-2384bc8e', 'PLOT-B-44e4755d', 1, TO_DATE('2026-03-04 00:00:00', 'YYYY-MM-DD HH24:MI:SS'), 'Planted', 'BAC', 'farm-bac');
INSERT INTO farm_bed (bed_id, plot_id, bed_number, planting_date, status, region, site_id) VALUES ('BED-B2-2ddb687c', 'PLOT-B-44e4755d', 2, TO_DATE('2026-02-20 00:00:00', 'YYYY-MM-DD HH24:MI:SS'), 'Planted', 'BAC', 'farm-bac');
INSERT INTO farm_bed (bed_id, plot_id, bed_number, planting_date, status, region, site_id) VALUES ('BED-B3-ddf42a7f', 'PLOT-B-44e4755d', 3, TO_DATE('2026-02-11 00:00:00', 'YYYY-MM-DD HH24:MI:SS'), 'Empty', 'BAC', 'farm-bac');
INSERT INTO farm_bed (bed_id, plot_id, bed_number, planting_date, status, region, site_id) VALUES ('BED-B4-3f6fb612', 'PLOT-B-44e4755d', 4, TO_DATE('2026-01-21 00:00:00', 'YYYY-MM-DD HH24:MI:SS'), 'Harvestable', 'BAC', 'farm-bac');
INSERT INTO farm_bed (bed_id, plot_id, bed_number, planting_date, status, region, site_id) VALUES ('BED-B5-ab105b45', 'PLOT-B-44e4755d', 5, TO_DATE('2026-03-06 00:00:00', 'YYYY-MM-DD HH24:MI:SS'), 'Empty', 'BAC', 'farm-bac');
INSERT INTO farm_bed (bed_id, plot_id, bed_number, planting_date, status, region, site_id) VALUES ('BED-C1-25962388', 'PLOT-C-74009cd9', 1, TO_DATE('2026-03-18 00:00:00', 'YYYY-MM-DD HH24:MI:SS'), 'Harvestable', 'BAC', 'farm-bac');
INSERT INTO farm_bed (bed_id, plot_id, bed_number, planting_date, status, region, site_id) VALUES ('BED-C2-0c978b4d', 'PLOT-C-74009cd9', 2, TO_DATE('2026-02-02 00:00:00', 'YYYY-MM-DD HH24:MI:SS'), 'Harvestable', 'BAC', 'farm-bac');
INSERT INTO farm_bed (bed_id, plot_id, bed_number, planting_date, status, region, site_id) VALUES ('BED-C3-dce405bd', 'PLOT-C-74009cd9', 3, TO_DATE('2026-03-09 00:00:00', 'YYYY-MM-DD HH24:MI:SS'), 'Empty', 'BAC', 'farm-bac');
INSERT INTO farm_bed (bed_id, plot_id, bed_number, planting_date, status, region, site_id) VALUES ('BED-C4-c675cfb3', 'PLOT-C-74009cd9', 4, TO_DATE('2026-01-22 00:00:00', 'YYYY-MM-DD HH24:MI:SS'), 'Growing', 'BAC', 'farm-bac');
INSERT INTO farm_bed (bed_id, plot_id, bed_number, planting_date, status, region, site_id) VALUES ('BED-C5-8b60ed85', 'PLOT-C-74009cd9', 5, TO_DATE('2026-02-13 00:00:00', 'YYYY-MM-DD HH24:MI:SS'), 'Growing', 'BAC', 'farm-bac');
INSERT INTO farm_bed (bed_id, plot_id, bed_number, planting_date, status, region, site_id) VALUES ('BED-D1-c4fcdae9', 'PLOT-D-95f45f94', 1, TO_DATE('2026-03-10 00:00:00', 'YYYY-MM-DD HH24:MI:SS'), 'Planted', 'BAC', 'farm-bac');
INSERT INTO farm_bed (bed_id, plot_id, bed_number, planting_date, status, region, site_id) VALUES ('BED-D2-9e257c75', 'PLOT-D-95f45f94', 2, TO_DATE('2026-02-02 00:00:00', 'YYYY-MM-DD HH24:MI:SS'), 'Harvestable', 'BAC', 'farm-bac');
INSERT INTO farm_bed (bed_id, plot_id, bed_number, planting_date, status, region, site_id) VALUES ('BED-D3-934fbb1b', 'PLOT-D-95f45f94', 3, TO_DATE('2026-02-25 00:00:00', 'YYYY-MM-DD HH24:MI:SS'), 'Planted', 'BAC', 'farm-bac');
INSERT INTO farm_bed (bed_id, plot_id, bed_number, planting_date, status, region, site_id) VALUES ('BED-D4-f6999582', 'PLOT-D-95f45f94', 4, TO_DATE('2026-03-15 00:00:00', 'YYYY-MM-DD HH24:MI:SS'), 'Planted', 'BAC', 'farm-bac');
INSERT INTO farm_bed (bed_id, plot_id, bed_number, planting_date, status, region, site_id) VALUES ('BED-D5-f64a01b4', 'PLOT-D-95f45f94', 5, TO_DATE('2026-01-23 00:00:00', 'YYYY-MM-DD HH24:MI:SS'), 'Harvestable', 'BAC', 'farm-bac');

-- Data for iot_sensor
INSERT INTO iot_sensor (sensor_id, plot_id, sensor_type, manufacturer, status, installed_at, region, site_id) VALUES ('SENS-A-cbc25345', 'PLOT-A-9bba60f6', 'Multi-Environment', 'Xiaomi', 'Online', TO_DATE('2025-12-11 22:12:45', 'YYYY-MM-DD HH24:MI:SS'), 'BAC', 'farm-bac');
INSERT INTO iot_sensor (sensor_id, plot_id, sensor_type, manufacturer, status, installed_at, region, site_id) VALUES ('SENS-B-73353363', 'PLOT-B-44e4755d', 'Multi-Environment', 'Xiaomi', 'Online', TO_DATE('2025-12-11 22:12:45', 'YYYY-MM-DD HH24:MI:SS'), 'BAC', 'farm-bac');
INSERT INTO iot_sensor (sensor_id, plot_id, sensor_type, manufacturer, status, installed_at, region, site_id) VALUES ('SENS-C-276c1a4b', 'PLOT-C-74009cd9', 'Multi-Environment', 'Xiaomi', 'Online', TO_DATE('2025-12-11 22:12:45', 'YYYY-MM-DD HH24:MI:SS'), 'BAC', 'farm-bac');
INSERT INTO iot_sensor (sensor_id, plot_id, sensor_type, manufacturer, status, installed_at, region, site_id) VALUES ('SENS-D-54f6db2d', 'PLOT-D-95f45f94', 'Multi-Environment', 'Xiaomi', 'Online', TO_DATE('2025-12-11 22:12:45', 'YYYY-MM-DD HH24:MI:SS'), 'BAC', 'farm-bac');

-- Data for cultivation_log
INSERT INTO cultivation_log (log_id, bed_id, action, performed_by, notes, timestamp, region, site_id) VALUES ('LOG-71b0a8c2', 'BED-A1-894ff590', 'Fertilizing', 'Pham Thi D', 'Periodic Maintenance', TO_DATE('2026-02-20 22:12:45', 'YYYY-MM-DD HH24:MI:SS'), 'BAC', 'farm-bac');
INSERT INTO cultivation_log (log_id, bed_id, action, performed_by, notes, timestamp, region, site_id) VALUES ('LOG-705b6bc8', 'BED-A1-894ff590', 'Watering', 'Pham Thi D', 'Periodic Maintenance', TO_DATE('2026-02-27 22:12:45', 'YYYY-MM-DD HH24:MI:SS'), 'BAC', 'farm-bac');
INSERT INTO cultivation_log (log_id, bed_id, action, performed_by, notes, timestamp, region, site_id) VALUES ('LOG-baa89f48', 'BED-A1-894ff590', 'Pruning', 'Tran Van C', 'Periodic Maintenance', TO_DATE('2026-02-28 22:12:45', 'YYYY-MM-DD HH24:MI:SS'), 'BAC', 'farm-bac');
INSERT INTO cultivation_log (log_id, bed_id, action, performed_by, notes, timestamp, region, site_id) VALUES ('LOG-73f7f1b3', 'BED-A1-894ff590', 'Pest Control', 'Tran Van C', 'Periodic Maintenance', TO_DATE('2026-03-20 22:12:45', 'YYYY-MM-DD HH24:MI:SS'), 'BAC', 'farm-bac');
INSERT INTO cultivation_log (log_id, bed_id, action, performed_by, notes, timestamp, region, site_id) VALUES ('LOG-e60ab28e', 'BED-A2-f5db7c3e', 'Pruning', 'Nguyen Van A', 'Periodic Maintenance', TO_DATE('2026-03-06 22:12:45', 'YYYY-MM-DD HH24:MI:SS'), 'BAC', 'farm-bac');
INSERT INTO cultivation_log (log_id, bed_id, action, performed_by, notes, timestamp, region, site_id) VALUES ('LOG-f36715c0', 'BED-A2-f5db7c3e', 'Pest Control', 'Nguyen Van A', 'Periodic Maintenance', TO_DATE('2026-03-08 22:12:45', 'YYYY-MM-DD HH24:MI:SS'), 'BAC', 'farm-bac');
INSERT INTO cultivation_log (log_id, bed_id, action, performed_by, notes, timestamp, region, site_id) VALUES ('LOG-95607a50', 'BED-A2-f5db7c3e', 'Fertilizing', 'Nguyen Van A', 'Periodic Maintenance', TO_DATE('2026-03-05 22:12:45', 'YYYY-MM-DD HH24:MI:SS'), 'BAC', 'farm-bac');
INSERT INTO cultivation_log (log_id, bed_id, action, performed_by, notes, timestamp, region, site_id) VALUES ('LOG-dff07e7d', 'BED-A4-489bdcbc', 'Watering', 'Nguyen Van A', 'Periodic Maintenance', TO_DATE('2026-02-26 22:12:45', 'YYYY-MM-DD HH24:MI:SS'), 'BAC', 'farm-bac');
INSERT INTO cultivation_log (log_id, bed_id, action, performed_by, notes, timestamp, region, site_id) VALUES ('LOG-b34bd3e3', 'BED-A4-489bdcbc', 'Fertilizing', 'Tran Van C', 'Periodic Maintenance', TO_DATE('2026-03-11 22:12:45', 'YYYY-MM-DD HH24:MI:SS'), 'BAC', 'farm-bac');
INSERT INTO cultivation_log (log_id, bed_id, action, performed_by, notes, timestamp, region, site_id) VALUES ('LOG-f4a5b218', 'BED-A5-96195eba', 'Fertilizing', 'Tran Van C', 'Periodic Maintenance', TO_DATE('2026-03-01 22:12:45', 'YYYY-MM-DD HH24:MI:SS'), 'BAC', 'farm-bac');
INSERT INTO cultivation_log (log_id, bed_id, action, performed_by, notes, timestamp, region, site_id) VALUES ('LOG-c440ce1e', 'BED-A5-96195eba', 'Watering', 'Tran Van C', 'Periodic Maintenance', TO_DATE('2026-02-26 22:12:45', 'YYYY-MM-DD HH24:MI:SS'), 'BAC', 'farm-bac');
INSERT INTO cultivation_log (log_id, bed_id, action, performed_by, notes, timestamp, region, site_id) VALUES ('LOG-1ecb0ece', 'BED-A5-96195eba', 'Fertilizing', 'Pham Thi D', 'Periodic Maintenance', TO_DATE('2026-03-18 22:12:45', 'YYYY-MM-DD HH24:MI:SS'), 'BAC', 'farm-bac');
INSERT INTO cultivation_log (log_id, bed_id, action, performed_by, notes, timestamp, region, site_id) VALUES ('LOG-0f252e02', 'BED-B1-2384bc8e', 'Pest Control', 'Hoang Van E', 'Periodic Maintenance', TO_DATE('2026-03-11 22:12:45', 'YYYY-MM-DD HH24:MI:SS'), 'BAC', 'farm-bac');
INSERT INTO cultivation_log (log_id, bed_id, action, performed_by, notes, timestamp, region, site_id) VALUES ('LOG-bb5ca9c4', 'BED-B1-2384bc8e', 'Pest Control', 'Hoang Van E', 'Periodic Maintenance', TO_DATE('2026-02-19 22:12:45', 'YYYY-MM-DD HH24:MI:SS'), 'BAC', 'farm-bac');
INSERT INTO cultivation_log (log_id, bed_id, action, performed_by, notes, timestamp, region, site_id) VALUES ('LOG-c81a4ed2', 'BED-B1-2384bc8e', 'Pest Control', 'Nguyen Van A', 'Periodic Maintenance', TO_DATE('2026-03-10 22:12:45', 'YYYY-MM-DD HH24:MI:SS'), 'BAC', 'farm-bac');
INSERT INTO cultivation_log (log_id, bed_id, action, performed_by, notes, timestamp, region, site_id) VALUES ('LOG-3025d5e6', 'BED-B1-2384bc8e', 'Pruning', 'Le Thi B', 'Periodic Maintenance', TO_DATE('2026-02-21 22:12:45', 'YYYY-MM-DD HH24:MI:SS'), 'BAC', 'farm-bac');
INSERT INTO cultivation_log (log_id, bed_id, action, performed_by, notes, timestamp, region, site_id) VALUES ('LOG-a63ee360', 'BED-B2-2ddb687c', 'Pruning', 'Nguyen Van A', 'Periodic Maintenance', TO_DATE('2026-02-22 22:12:45', 'YYYY-MM-DD HH24:MI:SS'), 'BAC', 'farm-bac');
INSERT INTO cultivation_log (log_id, bed_id, action, performed_by, notes, timestamp, region, site_id) VALUES ('LOG-419cbc4c', 'BED-B2-2ddb687c', 'Pest Control', 'Tran Van C', 'Periodic Maintenance', TO_DATE('2026-03-10 22:12:45', 'YYYY-MM-DD HH24:MI:SS'), 'BAC', 'farm-bac');
INSERT INTO cultivation_log (log_id, bed_id, action, performed_by, notes, timestamp, region, site_id) VALUES ('LOG-9102049b', 'BED-B4-3f6fb612', 'Watering', 'Tran Van C', 'Periodic Maintenance', TO_DATE('2026-03-14 22:12:45', 'YYYY-MM-DD HH24:MI:SS'), 'BAC', 'farm-bac');
INSERT INTO cultivation_log (log_id, bed_id, action, performed_by, notes, timestamp, region, site_id) VALUES ('LOG-1c881e53', 'BED-C1-25962388', 'Pest Control', 'Le Thi B', 'Periodic Maintenance', TO_DATE('2026-03-03 22:12:45', 'YYYY-MM-DD HH24:MI:SS'), 'BAC', 'farm-bac');
INSERT INTO cultivation_log (log_id, bed_id, action, performed_by, notes, timestamp, region, site_id) VALUES ('LOG-af928d69', 'BED-C2-0c978b4d', 'Fertilizing', 'Tran Van C', 'Periodic Maintenance', TO_DATE('2026-02-28 22:12:45', 'YYYY-MM-DD HH24:MI:SS'), 'BAC', 'farm-bac');
INSERT INTO cultivation_log (log_id, bed_id, action, performed_by, notes, timestamp, region, site_id) VALUES ('LOG-4e44cf7f', 'BED-C2-0c978b4d', 'Pest Control', 'Nguyen Van A', 'Periodic Maintenance', TO_DATE('2026-02-23 22:12:45', 'YYYY-MM-DD HH24:MI:SS'), 'BAC', 'farm-bac');
INSERT INTO cultivation_log (log_id, bed_id, action, performed_by, notes, timestamp, region, site_id) VALUES ('LOG-b0134773', 'BED-C2-0c978b4d', 'Pruning', 'Pham Thi D', 'Periodic Maintenance', TO_DATE('2026-03-19 22:12:45', 'YYYY-MM-DD HH24:MI:SS'), 'BAC', 'farm-bac');
INSERT INTO cultivation_log (log_id, bed_id, action, performed_by, notes, timestamp, region, site_id) VALUES ('LOG-c54dcd91', 'BED-C4-c675cfb3', 'Pest Control', 'Hoang Van E', 'Periodic Maintenance', TO_DATE('2026-02-28 22:12:45', 'YYYY-MM-DD HH24:MI:SS'), 'BAC', 'farm-bac');
INSERT INTO cultivation_log (log_id, bed_id, action, performed_by, notes, timestamp, region, site_id) VALUES ('LOG-de6f2bda', 'BED-C5-8b60ed85', 'Pest Control', 'Tran Van C', 'Periodic Maintenance', TO_DATE('2026-03-20 22:12:45', 'YYYY-MM-DD HH24:MI:SS'), 'BAC', 'farm-bac');
INSERT INTO cultivation_log (log_id, bed_id, action, performed_by, notes, timestamp, region, site_id) VALUES ('LOG-71ec0c19', 'BED-D1-c4fcdae9', 'Fertilizing', 'Pham Thi D', 'Periodic Maintenance', TO_DATE('2026-03-06 22:12:45', 'YYYY-MM-DD HH24:MI:SS'), 'BAC', 'farm-bac');
INSERT INTO cultivation_log (log_id, bed_id, action, performed_by, notes, timestamp, region, site_id) VALUES ('LOG-097c74a4', 'BED-D2-9e257c75', 'Watering', 'Pham Thi D', 'Periodic Maintenance', TO_DATE('2026-03-02 22:12:45', 'YYYY-MM-DD HH24:MI:SS'), 'BAC', 'farm-bac');
INSERT INTO cultivation_log (log_id, bed_id, action, performed_by, notes, timestamp, region, site_id) VALUES ('LOG-b72e6909', 'BED-D3-934fbb1b', 'Pruning', 'Nguyen Van A', 'Periodic Maintenance', TO_DATE('2026-02-25 22:12:45', 'YYYY-MM-DD HH24:MI:SS'), 'BAC', 'farm-bac');
INSERT INTO cultivation_log (log_id, bed_id, action, performed_by, notes, timestamp, region, site_id) VALUES ('LOG-be477eb4', 'BED-D4-f6999582', 'Pest Control', 'Nguyen Van A', 'Periodic Maintenance', TO_DATE('2026-02-27 22:12:45', 'YYYY-MM-DD HH24:MI:SS'), 'BAC', 'farm-bac');
INSERT INTO cultivation_log (log_id, bed_id, action, performed_by, notes, timestamp, region, site_id) VALUES ('LOG-34bcd530', 'BED-D4-f6999582', 'Pest Control', 'Tran Van C', 'Periodic Maintenance', TO_DATE('2026-03-13 22:12:45', 'YYYY-MM-DD HH24:MI:SS'), 'BAC', 'farm-bac');
INSERT INTO cultivation_log (log_id, bed_id, action, performed_by, notes, timestamp, region, site_id) VALUES ('LOG-c1c8fd1d', 'BED-D4-f6999582', 'Pest Control', 'Hoang Van E', 'Periodic Maintenance', TO_DATE('2026-02-26 22:12:45', 'YYYY-MM-DD HH24:MI:SS'), 'BAC', 'farm-bac');
INSERT INTO cultivation_log (log_id, bed_id, action, performed_by, notes, timestamp, region, site_id) VALUES ('LOG-b0615a3d', 'BED-D5-f64a01b4', 'Pest Control', 'Le Thi B', 'Periodic Maintenance', TO_DATE('2026-03-12 22:12:45', 'YYYY-MM-DD HH24:MI:SS'), 'BAC', 'farm-bac');
INSERT INTO cultivation_log (log_id, bed_id, action, performed_by, notes, timestamp, region, site_id) VALUES ('LOG-e4e15bea', 'BED-D5-f64a01b4', 'Pruning', 'Hoang Van E', 'Periodic Maintenance', TO_DATE('2026-02-27 22:12:45', 'YYYY-MM-DD HH24:MI:SS'), 'BAC', 'farm-bac');
INSERT INTO cultivation_log (log_id, bed_id, action, performed_by, notes, timestamp, region, site_id) VALUES ('LOG-9f900c8d', 'BED-D5-f64a01b4', 'Pruning', 'Tran Van C', 'Periodic Maintenance', TO_DATE('2026-03-21 22:12:45', 'YYYY-MM-DD HH24:MI:SS'), 'BAC', 'farm-bac');

-- Data for sensor_data
INSERT INTO sensor_data (data_id, sensor_id, temperature, humidity, soil_moisture, light_intensity, recorded_at, region, site_id) VALUES ('DATA-51488561', 'SENS-A-cbc25345', 32.0, 51.5, 63.6, 2578.3, TO_DATE('2026-03-21 22:12:45', 'YYYY-MM-DD HH24:MI:SS'), 'BAC', 'farm-bac');
INSERT INTO sensor_data (data_id, sensor_id, temperature, humidity, soil_moisture, light_intensity, recorded_at, region, site_id) VALUES ('DATA-26b25d76', 'SENS-A-cbc25345', 20.9, 71.5, 39.2, 4775.9, TO_DATE('2026-03-21 20:12:45', 'YYYY-MM-DD HH24:MI:SS'), 'BAC', 'farm-bac');
INSERT INTO sensor_data (data_id, sensor_id, temperature, humidity, soil_moisture, light_intensity, recorded_at, region, site_id) VALUES ('DATA-15591d69', 'SENS-A-cbc25345', 25.6, 55.8, 51.4, 1214.4, TO_DATE('2026-03-21 18:12:45', 'YYYY-MM-DD HH24:MI:SS'), 'BAC', 'farm-bac');
INSERT INTO sensor_data (data_id, sensor_id, temperature, humidity, soil_moisture, light_intensity, recorded_at, region, site_id) VALUES ('DATA-e3a8444d', 'SENS-A-cbc25345', 29.3, 55.8, 49.0, 3142.5, TO_DATE('2026-03-21 16:12:45', 'YYYY-MM-DD HH24:MI:SS'), 'BAC', 'farm-bac');
INSERT INTO sensor_data (data_id, sensor_id, temperature, humidity, soil_moisture, light_intensity, recorded_at, region, site_id) VALUES ('DATA-36332f97', 'SENS-A-cbc25345', 23.0, 67.2, 50.9, 1328.9, TO_DATE('2026-03-21 14:12:45', 'YYYY-MM-DD HH24:MI:SS'), 'BAC', 'farm-bac');
INSERT INTO sensor_data (data_id, sensor_id, temperature, humidity, soil_moisture, light_intensity, recorded_at, region, site_id) VALUES ('DATA-b012b8e4', 'SENS-A-cbc25345', 25.2, 64.1, 40.6, 1888.8, TO_DATE('2026-03-21 12:12:45', 'YYYY-MM-DD HH24:MI:SS'), 'BAC', 'farm-bac');
INSERT INTO sensor_data (data_id, sensor_id, temperature, humidity, soil_moisture, light_intensity, recorded_at, region, site_id) VALUES ('DATA-f334c364', 'SENS-A-cbc25345', 28.6, 67.3, 70.9, 1533.9, TO_DATE('2026-03-21 10:12:45', 'YYYY-MM-DD HH24:MI:SS'), 'BAC', 'farm-bac');
INSERT INTO sensor_data (data_id, sensor_id, temperature, humidity, soil_moisture, light_intensity, recorded_at, region, site_id) VALUES ('DATA-bf820922', 'SENS-A-cbc25345', 21.0, 67.3, 62.1, 4913.3, TO_DATE('2026-03-21 08:12:45', 'YYYY-MM-DD HH24:MI:SS'), 'BAC', 'farm-bac');
INSERT INTO sensor_data (data_id, sensor_id, temperature, humidity, soil_moisture, light_intensity, recorded_at, region, site_id) VALUES ('DATA-3e4299a1', 'SENS-A-cbc25345', 25.1, 53.0, 73.2, 1808.6, TO_DATE('2026-03-21 06:12:45', 'YYYY-MM-DD HH24:MI:SS'), 'BAC', 'farm-bac');
INSERT INTO sensor_data (data_id, sensor_id, temperature, humidity, soil_moisture, light_intensity, recorded_at, region, site_id) VALUES ('DATA-71c144a7', 'SENS-A-cbc25345', 33.0, 77.8, 46.6, 1776.7, TO_DATE('2026-03-21 04:12:45', 'YYYY-MM-DD HH24:MI:SS'), 'BAC', 'farm-bac');
INSERT INTO sensor_data (data_id, sensor_id, temperature, humidity, soil_moisture, light_intensity, recorded_at, region, site_id) VALUES ('DATA-7dea2d4b', 'SENS-B-73353363', 30.5, 78.6, 58.2, 2803.3, TO_DATE('2026-03-21 22:12:45', 'YYYY-MM-DD HH24:MI:SS'), 'BAC', 'farm-bac');
INSERT INTO sensor_data (data_id, sensor_id, temperature, humidity, soil_moisture, light_intensity, recorded_at, region, site_id) VALUES ('DATA-0ea17720', 'SENS-B-73353363', 22.7, 58.1, 78.5, 4405.1, TO_DATE('2026-03-21 20:12:45', 'YYYY-MM-DD HH24:MI:SS'), 'BAC', 'farm-bac');
INSERT INTO sensor_data (data_id, sensor_id, temperature, humidity, soil_moisture, light_intensity, recorded_at, region, site_id) VALUES ('DATA-22db205b', 'SENS-B-73353363', 27.0, 84.2, 65.8, 2251.5, TO_DATE('2026-03-21 18:12:45', 'YYYY-MM-DD HH24:MI:SS'), 'BAC', 'farm-bac');
INSERT INTO sensor_data (data_id, sensor_id, temperature, humidity, soil_moisture, light_intensity, recorded_at, region, site_id) VALUES ('DATA-444b0924', 'SENS-B-73353363', 23.2, 85.0, 56.8, 4912.5, TO_DATE('2026-03-21 16:12:45', 'YYYY-MM-DD HH24:MI:SS'), 'BAC', 'farm-bac');
INSERT INTO sensor_data (data_id, sensor_id, temperature, humidity, soil_moisture, light_intensity, recorded_at, region, site_id) VALUES ('DATA-580420c2', 'SENS-B-73353363', 34.9, 77.9, 68.4, 4002.7, TO_DATE('2026-03-21 14:12:45', 'YYYY-MM-DD HH24:MI:SS'), 'BAC', 'farm-bac');
INSERT INTO sensor_data (data_id, sensor_id, temperature, humidity, soil_moisture, light_intensity, recorded_at, region, site_id) VALUES ('DATA-6e336e86', 'SENS-B-73353363', 30.5, 71.2, 66.2, 1212.9, TO_DATE('2026-03-21 12:12:45', 'YYYY-MM-DD HH24:MI:SS'), 'BAC', 'farm-bac');
INSERT INTO sensor_data (data_id, sensor_id, temperature, humidity, soil_moisture, light_intensity, recorded_at, region, site_id) VALUES ('DATA-b956045c', 'SENS-B-73353363', 25.8, 82.5, 77.4, 1229.4, TO_DATE('2026-03-21 10:12:45', 'YYYY-MM-DD HH24:MI:SS'), 'BAC', 'farm-bac');
INSERT INTO sensor_data (data_id, sensor_id, temperature, humidity, soil_moisture, light_intensity, recorded_at, region, site_id) VALUES ('DATA-6f2f509e', 'SENS-B-73353363', 28.0, 72.7, 75.6, 1513.9, TO_DATE('2026-03-21 08:12:45', 'YYYY-MM-DD HH24:MI:SS'), 'BAC', 'farm-bac');
INSERT INTO sensor_data (data_id, sensor_id, temperature, humidity, soil_moisture, light_intensity, recorded_at, region, site_id) VALUES ('DATA-f249d739', 'SENS-B-73353363', 27.3, 52.3, 46.1, 2148.9, TO_DATE('2026-03-21 06:12:45', 'YYYY-MM-DD HH24:MI:SS'), 'BAC', 'farm-bac');
INSERT INTO sensor_data (data_id, sensor_id, temperature, humidity, soil_moisture, light_intensity, recorded_at, region, site_id) VALUES ('DATA-d2209c89', 'SENS-B-73353363', 31.3, 78.4, 46.7, 3344.0, TO_DATE('2026-03-21 04:12:45', 'YYYY-MM-DD HH24:MI:SS'), 'BAC', 'farm-bac');
INSERT INTO sensor_data (data_id, sensor_id, temperature, humidity, soil_moisture, light_intensity, recorded_at, region, site_id) VALUES ('DATA-a7015888', 'SENS-C-276c1a4b', 33.6, 84.9, 45.9, 3632.2, TO_DATE('2026-03-21 22:12:45', 'YYYY-MM-DD HH24:MI:SS'), 'BAC', 'farm-bac');
INSERT INTO sensor_data (data_id, sensor_id, temperature, humidity, soil_moisture, light_intensity, recorded_at, region, site_id) VALUES ('DATA-5e37e487', 'SENS-C-276c1a4b', 26.8, 77.4, 46.3, 3567.3, TO_DATE('2026-03-21 20:12:45', 'YYYY-MM-DD HH24:MI:SS'), 'BAC', 'farm-bac');
INSERT INTO sensor_data (data_id, sensor_id, temperature, humidity, soil_moisture, light_intensity, recorded_at, region, site_id) VALUES ('DATA-6adf214a', 'SENS-C-276c1a4b', 34.9, 71.2, 70.8, 4871.7, TO_DATE('2026-03-21 18:12:45', 'YYYY-MM-DD HH24:MI:SS'), 'BAC', 'farm-bac');
INSERT INTO sensor_data (data_id, sensor_id, temperature, humidity, soil_moisture, light_intensity, recorded_at, region, site_id) VALUES ('DATA-b850b728', 'SENS-C-276c1a4b', 20.0, 73.5, 72.3, 2651.9, TO_DATE('2026-03-21 16:12:45', 'YYYY-MM-DD HH24:MI:SS'), 'BAC', 'farm-bac');
INSERT INTO sensor_data (data_id, sensor_id, temperature, humidity, soil_moisture, light_intensity, recorded_at, region, site_id) VALUES ('DATA-a2939820', 'SENS-C-276c1a4b', 34.4, 54.0, 76.3, 3027.5, TO_DATE('2026-03-21 14:12:45', 'YYYY-MM-DD HH24:MI:SS'), 'BAC', 'farm-bac');
INSERT INTO sensor_data (data_id, sensor_id, temperature, humidity, soil_moisture, light_intensity, recorded_at, region, site_id) VALUES ('DATA-417d8943', 'SENS-C-276c1a4b', 33.4, 84.4, 61.0, 2977.1, TO_DATE('2026-03-21 12:12:45', 'YYYY-MM-DD HH24:MI:SS'), 'BAC', 'farm-bac');
INSERT INTO sensor_data (data_id, sensor_id, temperature, humidity, soil_moisture, light_intensity, recorded_at, region, site_id) VALUES ('DATA-3db8a68f', 'SENS-C-276c1a4b', 34.3, 54.7, 77.7, 4610.6, TO_DATE('2026-03-21 10:12:45', 'YYYY-MM-DD HH24:MI:SS'), 'BAC', 'farm-bac');
INSERT INTO sensor_data (data_id, sensor_id, temperature, humidity, soil_moisture, light_intensity, recorded_at, region, site_id) VALUES ('DATA-85d7fbce', 'SENS-C-276c1a4b', 32.3, 67.2, 41.7, 4832.8, TO_DATE('2026-03-21 08:12:45', 'YYYY-MM-DD HH24:MI:SS'), 'BAC', 'farm-bac');
INSERT INTO sensor_data (data_id, sensor_id, temperature, humidity, soil_moisture, light_intensity, recorded_at, region, site_id) VALUES ('DATA-de7eb9f0', 'SENS-C-276c1a4b', 29.0, 50.3, 33.2, 1536.4, TO_DATE('2026-03-21 06:12:45', 'YYYY-MM-DD HH24:MI:SS'), 'BAC', 'farm-bac');
INSERT INTO sensor_data (data_id, sensor_id, temperature, humidity, soil_moisture, light_intensity, recorded_at, region, site_id) VALUES ('DATA-9fd44851', 'SENS-C-276c1a4b', 24.3, 89.7, 30.7, 1927.7, TO_DATE('2026-03-21 04:12:45', 'YYYY-MM-DD HH24:MI:SS'), 'BAC', 'farm-bac');
INSERT INTO sensor_data (data_id, sensor_id, temperature, humidity, soil_moisture, light_intensity, recorded_at, region, site_id) VALUES ('DATA-957b3f1d', 'SENS-D-54f6db2d', 21.6, 75.1, 46.2, 2141.2, TO_DATE('2026-03-21 22:12:45', 'YYYY-MM-DD HH24:MI:SS'), 'BAC', 'farm-bac');
INSERT INTO sensor_data (data_id, sensor_id, temperature, humidity, soil_moisture, light_intensity, recorded_at, region, site_id) VALUES ('DATA-a50fc363', 'SENS-D-54f6db2d', 32.4, 80.0, 36.7, 3781.2, TO_DATE('2026-03-21 20:12:45', 'YYYY-MM-DD HH24:MI:SS'), 'BAC', 'farm-bac');
INSERT INTO sensor_data (data_id, sensor_id, temperature, humidity, soil_moisture, light_intensity, recorded_at, region, site_id) VALUES ('DATA-f05750c0', 'SENS-D-54f6db2d', 22.4, 78.4, 59.8, 4397.9, TO_DATE('2026-03-21 18:12:45', 'YYYY-MM-DD HH24:MI:SS'), 'BAC', 'farm-bac');
INSERT INTO sensor_data (data_id, sensor_id, temperature, humidity, soil_moisture, light_intensity, recorded_at, region, site_id) VALUES ('DATA-0ae6778a', 'SENS-D-54f6db2d', 25.8, 60.1, 67.8, 4998.2, TO_DATE('2026-03-21 16:12:45', 'YYYY-MM-DD HH24:MI:SS'), 'BAC', 'farm-bac');
INSERT INTO sensor_data (data_id, sensor_id, temperature, humidity, soil_moisture, light_intensity, recorded_at, region, site_id) VALUES ('DATA-31bbe55a', 'SENS-D-54f6db2d', 25.1, 60.9, 53.5, 3369.0, TO_DATE('2026-03-21 14:12:45', 'YYYY-MM-DD HH24:MI:SS'), 'BAC', 'farm-bac');
INSERT INTO sensor_data (data_id, sensor_id, temperature, humidity, soil_moisture, light_intensity, recorded_at, region, site_id) VALUES ('DATA-fdcd5bd0', 'SENS-D-54f6db2d', 33.3, 64.4, 72.8, 4021.8, TO_DATE('2026-03-21 12:12:45', 'YYYY-MM-DD HH24:MI:SS'), 'BAC', 'farm-bac');
INSERT INTO sensor_data (data_id, sensor_id, temperature, humidity, soil_moisture, light_intensity, recorded_at, region, site_id) VALUES ('DATA-af254dea', 'SENS-D-54f6db2d', 20.7, 67.3, 38.1, 4873.0, TO_DATE('2026-03-21 10:12:45', 'YYYY-MM-DD HH24:MI:SS'), 'BAC', 'farm-bac');
INSERT INTO sensor_data (data_id, sensor_id, temperature, humidity, soil_moisture, light_intensity, recorded_at, region, site_id) VALUES ('DATA-517ee708', 'SENS-D-54f6db2d', 27.9, 89.8, 52.1, 1863.5, TO_DATE('2026-03-21 08:12:45', 'YYYY-MM-DD HH24:MI:SS'), 'BAC', 'farm-bac');
INSERT INTO sensor_data (data_id, sensor_id, temperature, humidity, soil_moisture, light_intensity, recorded_at, region, site_id) VALUES ('DATA-2bb51870', 'SENS-D-54f6db2d', 32.0, 65.1, 42.2, 2869.3, TO_DATE('2026-03-21 06:12:45', 'YYYY-MM-DD HH24:MI:SS'), 'BAC', 'farm-bac');
INSERT INTO sensor_data (data_id, sensor_id, temperature, humidity, soil_moisture, light_intensity, recorded_at, region, site_id) VALUES ('DATA-b3b1f874', 'SENS-D-54f6db2d', 29.4, 72.7, 73.3, 4245.6, TO_DATE('2026-03-21 04:12:45', 'YYYY-MM-DD HH24:MI:SS'), 'BAC', 'farm-bac');

-- Data for purchase_contract
INSERT INTO purchase_contract (contract_id, supplier_id, ingredient_id, committed_quantity, contract_price, quality_commitment, start_date, end_date, status, region, site_id) VALUES ('CTR-1-d37c4eee', 'SUP-43482fa5', 'ING-43a50faa', 2000.0, 50000000.0, 'Grade A Standard', TO_DATE('2026-03-10 00:00:00', 'YYYY-MM-DD HH24:MI:SS'), TO_DATE('2027-03-10 00:00:00', 'YYYY-MM-DD HH24:MI:SS'), 'Active', 'BAC', 'farm-bac');
INSERT INTO purchase_contract (contract_id, supplier_id, ingredient_id, committed_quantity, contract_price, quality_commitment, start_date, end_date, status, region, site_id) VALUES ('CTR-2-36909a4b', 'SUP-c8ca0e0a', 'ING-43a50faa', 2000.0, 62000000.0, 'Grade A Standard', TO_DATE('2025-10-03 00:00:00', 'YYYY-MM-DD HH24:MI:SS'), TO_DATE('2026-10-03 00:00:00', 'YYYY-MM-DD HH24:MI:SS'), 'Active', 'BAC', 'farm-bac');
INSERT INTO purchase_contract (contract_id, supplier_id, ingredient_id, committed_quantity, contract_price, quality_commitment, start_date, end_date, status, region, site_id) VALUES ('CTR-3-81c99ae7', 'SUP-c8ca0e0a', 'ING-8ae65dd1', 2000.0, 21000000.0, 'Grade A Standard', TO_DATE('2025-10-24 00:00:00', 'YYYY-MM-DD HH24:MI:SS'), TO_DATE('2026-10-24 00:00:00', 'YYYY-MM-DD HH24:MI:SS'), 'Active', 'BAC', 'farm-bac');
INSERT INTO purchase_contract (contract_id, supplier_id, ingredient_id, committed_quantity, contract_price, quality_commitment, start_date, end_date, status, region, site_id) VALUES ('CTR-4-4866ddf4', 'SUP-43482fa5', 'ING-9f286caf', 5000.0, 89000000.0, 'Grade A Standard', TO_DATE('2026-03-02 00:00:00', 'YYYY-MM-DD HH24:MI:SS'), TO_DATE('2027-03-02 00:00:00', 'YYYY-MM-DD HH24:MI:SS'), 'Active', 'BAC', 'farm-bac');
INSERT INTO purchase_contract (contract_id, supplier_id, ingredient_id, committed_quantity, contract_price, quality_commitment, start_date, end_date, status, region, site_id) VALUES ('CTR-5-f2574a38', 'SUP-43482fa5', 'ING-2bac10f7', 500.0, 47000000.0, 'Grade A Standard', TO_DATE('2025-12-15 00:00:00', 'YYYY-MM-DD HH24:MI:SS'), TO_DATE('2026-12-15 00:00:00', 'YYYY-MM-DD HH24:MI:SS'), 'Active', 'BAC', 'farm-bac');
INSERT INTO purchase_contract (contract_id, supplier_id, ingredient_id, committed_quantity, contract_price, quality_commitment, start_date, end_date, status, region, site_id) VALUES ('CTR-6-a0f3764c', 'SUP-e13e4fae', 'ING-2300be64', 2000.0, 95000000.0, 'Grade A Standard', TO_DATE('2026-03-10 00:00:00', 'YYYY-MM-DD HH24:MI:SS'), TO_DATE('2027-03-10 00:00:00', 'YYYY-MM-DD HH24:MI:SS'), 'Active', 'BAC', 'farm-bac');
INSERT INTO purchase_contract (contract_id, supplier_id, ingredient_id, committed_quantity, contract_price, quality_commitment, start_date, end_date, status, region, site_id) VALUES ('CTR-7-a7477923', 'SUP-e13e4fae', 'ING-8ae65dd1', 2000.0, 47000000.0, 'Grade A Standard', TO_DATE('2026-01-03 00:00:00', 'YYYY-MM-DD HH24:MI:SS'), TO_DATE('2027-01-03 00:00:00', 'YYYY-MM-DD HH24:MI:SS'), 'Active', 'BAC', 'farm-bac');
INSERT INTO purchase_contract (contract_id, supplier_id, ingredient_id, committed_quantity, contract_price, quality_commitment, start_date, end_date, status, region, site_id) VALUES ('CTR-8-12f07931', 'SUP-c8ca0e0a', 'ING-8ae65dd1', 2000.0, 45000000.0, 'Grade A Standard', TO_DATE('2025-10-29 00:00:00', 'YYYY-MM-DD HH24:MI:SS'), TO_DATE('2026-10-29 00:00:00', 'YYYY-MM-DD HH24:MI:SS'), 'Active', 'BAC', 'farm-bac');
INSERT INTO purchase_contract (contract_id, supplier_id, ingredient_id, committed_quantity, contract_price, quality_commitment, start_date, end_date, status, region, site_id) VALUES ('CTR-9-272cca1f', 'SUP-c8ca0e0a', 'ING-8ae65dd1', 1000.0, 34000000.0, 'Grade A Standard', TO_DATE('2025-11-12 00:00:00', 'YYYY-MM-DD HH24:MI:SS'), TO_DATE('2026-11-12 00:00:00', 'YYYY-MM-DD HH24:MI:SS'), 'Active', 'BAC', 'farm-bac');
INSERT INTO purchase_contract (contract_id, supplier_id, ingredient_id, committed_quantity, contract_price, quality_commitment, start_date, end_date, status, region, site_id) VALUES ('CTR-10-9c1c46ad', 'SUP-43482fa5', 'ING-8ae65dd1', 5000.0, 45000000.0, 'Grade A Standard', TO_DATE('2026-01-04 00:00:00', 'YYYY-MM-DD HH24:MI:SS'), TO_DATE('2027-01-04 00:00:00', 'YYYY-MM-DD HH24:MI:SS'), 'Active', 'BAC', 'farm-bac');

-- Data for purchase_batch
INSERT INTO purchase_batch (batch_id, contract_id, purchase_date, expected_quantity, unit_price, status, region, site_id) VALUES ('BATCH-1-1-ec296068', 'CTR-1-d37c4eee', TO_DATE('2026-04-02 00:00:00', 'YYYY-MM-DD HH24:MI:SS'), 2000.0, 25000.0, 'Received', 'BAC', 'farm-bac');
INSERT INTO purchase_batch (batch_id, contract_id, purchase_date, expected_quantity, unit_price, status, region, site_id) VALUES ('BATCH-2-1-be0a656f', 'CTR-2-36909a4b', TO_DATE('2025-12-02 00:00:00', 'YYYY-MM-DD HH24:MI:SS'), 500.0, 31000.0, 'Pending', 'BAC', 'farm-bac');
INSERT INTO purchase_batch (batch_id, contract_id, purchase_date, expected_quantity, unit_price, status, region, site_id) VALUES ('BATCH-2-2-86edb57a', 'CTR-2-36909a4b', TO_DATE('2026-01-07 00:00:00', 'YYYY-MM-DD HH24:MI:SS'), 500.0, 31000.0, 'Pending', 'BAC', 'farm-bac');
INSERT INTO purchase_batch (batch_id, contract_id, purchase_date, expected_quantity, unit_price, status, region, site_id) VALUES ('BATCH-2-3-77e3e56f', 'CTR-2-36909a4b', TO_DATE('2025-11-30 00:00:00', 'YYYY-MM-DD HH24:MI:SS'), 500.0, 31000.0, 'Received', 'BAC', 'farm-bac');
INSERT INTO purchase_batch (batch_id, contract_id, purchase_date, expected_quantity, unit_price, status, region, site_id) VALUES ('BATCH-2-4-ec7d3e18', 'CTR-2-36909a4b', TO_DATE('2025-10-15 00:00:00', 'YYYY-MM-DD HH24:MI:SS'), 500.0, 31000.0, 'Received', 'BAC', 'farm-bac');
INSERT INTO purchase_batch (batch_id, contract_id, purchase_date, expected_quantity, unit_price, status, region, site_id) VALUES ('BATCH-3-1-f62620a2', 'CTR-3-81c99ae7', TO_DATE('2025-12-27 00:00:00', 'YYYY-MM-DD HH24:MI:SS'), 500.0, 10500.0, 'Inspecting', 'BAC', 'farm-bac');
INSERT INTO purchase_batch (batch_id, contract_id, purchase_date, expected_quantity, unit_price, status, region, site_id) VALUES ('BATCH-3-2-5c4a0691', 'CTR-3-81c99ae7', TO_DATE('2025-12-23 00:00:00', 'YYYY-MM-DD HH24:MI:SS'), 500.0, 10500.0, 'Received', 'BAC', 'farm-bac');
INSERT INTO purchase_batch (batch_id, contract_id, purchase_date, expected_quantity, unit_price, status, region, site_id) VALUES ('BATCH-3-3-1d39df6f', 'CTR-3-81c99ae7', TO_DATE('2025-11-16 00:00:00', 'YYYY-MM-DD HH24:MI:SS'), 500.0, 10500.0, 'Inspecting', 'BAC', 'farm-bac');
INSERT INTO purchase_batch (batch_id, contract_id, purchase_date, expected_quantity, unit_price, status, region, site_id) VALUES ('BATCH-3-4-d747b87c', 'CTR-3-81c99ae7', TO_DATE('2025-12-04 00:00:00', 'YYYY-MM-DD HH24:MI:SS'), 500.0, 10500.0, 'Received', 'BAC', 'farm-bac');
INSERT INTO purchase_batch (batch_id, contract_id, purchase_date, expected_quantity, unit_price, status, region, site_id) VALUES ('BATCH-4-1-aa2169da', 'CTR-4-4866ddf4', TO_DATE('2026-05-22 00:00:00', 'YYYY-MM-DD HH24:MI:SS'), 2500.0, 17800.0, 'Inspecting', 'BAC', 'farm-bac');
INSERT INTO purchase_batch (batch_id, contract_id, purchase_date, expected_quantity, unit_price, status, region, site_id) VALUES ('BATCH-4-2-17841cf0', 'CTR-4-4866ddf4', TO_DATE('2026-04-17 00:00:00', 'YYYY-MM-DD HH24:MI:SS'), 2500.0, 17800.0, 'Pending', 'BAC', 'farm-bac');
INSERT INTO purchase_batch (batch_id, contract_id, purchase_date, expected_quantity, unit_price, status, region, site_id) VALUES ('BATCH-5-1-c205ae45', 'CTR-5-f2574a38', TO_DATE('2026-01-27 00:00:00', 'YYYY-MM-DD HH24:MI:SS'), 166.66666666666666, 94000.0, 'Pending', 'BAC', 'farm-bac');
INSERT INTO purchase_batch (batch_id, contract_id, purchase_date, expected_quantity, unit_price, status, region, site_id) VALUES ('BATCH-5-2-d60632b4', 'CTR-5-f2574a38', TO_DATE('2026-03-21 00:00:00', 'YYYY-MM-DD HH24:MI:SS'), 166.66666666666666, 94000.0, 'Pending', 'BAC', 'farm-bac');
INSERT INTO purchase_batch (batch_id, contract_id, purchase_date, expected_quantity, unit_price, status, region, site_id) VALUES ('BATCH-5-3-18051548', 'CTR-5-f2574a38', TO_DATE('2025-12-21 00:00:00', 'YYYY-MM-DD HH24:MI:SS'), 166.66666666666666, 94000.0, 'Received', 'BAC', 'farm-bac');
INSERT INTO purchase_batch (batch_id, contract_id, purchase_date, expected_quantity, unit_price, status, region, site_id) VALUES ('BATCH-6-1-32aea8c3', 'CTR-6-a0f3764c', TO_DATE('2026-05-21 00:00:00', 'YYYY-MM-DD HH24:MI:SS'), 500.0, 47500.0, 'Pending', 'BAC', 'farm-bac');
INSERT INTO purchase_batch (batch_id, contract_id, purchase_date, expected_quantity, unit_price, status, region, site_id) VALUES ('BATCH-6-2-972fdecf', 'CTR-6-a0f3764c', TO_DATE('2026-06-04 00:00:00', 'YYYY-MM-DD HH24:MI:SS'), 500.0, 47500.0, 'Pending', 'BAC', 'farm-bac');
INSERT INTO purchase_batch (batch_id, contract_id, purchase_date, expected_quantity, unit_price, status, region, site_id) VALUES ('BATCH-6-3-46fb61c4', 'CTR-6-a0f3764c', TO_DATE('2026-04-08 00:00:00', 'YYYY-MM-DD HH24:MI:SS'), 500.0, 47500.0, 'Received', 'BAC', 'farm-bac');
INSERT INTO purchase_batch (batch_id, contract_id, purchase_date, expected_quantity, unit_price, status, region, site_id) VALUES ('BATCH-6-4-ca3e941b', 'CTR-6-a0f3764c', TO_DATE('2026-04-13 00:00:00', 'YYYY-MM-DD HH24:MI:SS'), 500.0, 47500.0, 'Inspecting', 'BAC', 'farm-bac');
INSERT INTO purchase_batch (batch_id, contract_id, purchase_date, expected_quantity, unit_price, status, region, site_id) VALUES ('BATCH-7-1-45997dc2', 'CTR-7-a7477923', TO_DATE('2026-02-20 00:00:00', 'YYYY-MM-DD HH24:MI:SS'), 1000.0, 23500.0, 'Pending', 'BAC', 'farm-bac');
INSERT INTO purchase_batch (batch_id, contract_id, purchase_date, expected_quantity, unit_price, status, region, site_id) VALUES ('BATCH-7-2-838859b2', 'CTR-7-a7477923', TO_DATE('2026-01-17 00:00:00', 'YYYY-MM-DD HH24:MI:SS'), 1000.0, 23500.0, 'Inspecting', 'BAC', 'farm-bac');
INSERT INTO purchase_batch (batch_id, contract_id, purchase_date, expected_quantity, unit_price, status, region, site_id) VALUES ('BATCH-8-1-106d3b3c', 'CTR-8-12f07931', TO_DATE('2026-01-10 00:00:00', 'YYYY-MM-DD HH24:MI:SS'), 666.6666666666666, 22500.0, 'Inspecting', 'BAC', 'farm-bac');
INSERT INTO purchase_batch (batch_id, contract_id, purchase_date, expected_quantity, unit_price, status, region, site_id) VALUES ('BATCH-8-2-aa02cdf6', 'CTR-8-12f07931', TO_DATE('2026-01-08 00:00:00', 'YYYY-MM-DD HH24:MI:SS'), 666.6666666666666, 22500.0, 'Inspecting', 'BAC', 'farm-bac');
INSERT INTO purchase_batch (batch_id, contract_id, purchase_date, expected_quantity, unit_price, status, region, site_id) VALUES ('BATCH-8-3-3d1150c3', 'CTR-8-12f07931', TO_DATE('2026-01-15 00:00:00', 'YYYY-MM-DD HH24:MI:SS'), 666.6666666666666, 22500.0, 'Pending', 'BAC', 'farm-bac');
INSERT INTO purchase_batch (batch_id, contract_id, purchase_date, expected_quantity, unit_price, status, region, site_id) VALUES ('BATCH-9-1-e0e4908f', 'CTR-9-272cca1f', TO_DATE('2025-11-27 00:00:00', 'YYYY-MM-DD HH24:MI:SS'), 333.3333333333333, 34000.0, 'Received', 'BAC', 'farm-bac');
INSERT INTO purchase_batch (batch_id, contract_id, purchase_date, expected_quantity, unit_price, status, region, site_id) VALUES ('BATCH-9-2-e414827c', 'CTR-9-272cca1f', TO_DATE('2026-01-29 00:00:00', 'YYYY-MM-DD HH24:MI:SS'), 333.3333333333333, 34000.0, 'Inspecting', 'BAC', 'farm-bac');
INSERT INTO purchase_batch (batch_id, contract_id, purchase_date, expected_quantity, unit_price, status, region, site_id) VALUES ('BATCH-9-3-d0a30a9f', 'CTR-9-272cca1f', TO_DATE('2025-12-08 00:00:00', 'YYYY-MM-DD HH24:MI:SS'), 333.3333333333333, 34000.0, 'Inspecting', 'BAC', 'farm-bac');
INSERT INTO purchase_batch (batch_id, contract_id, purchase_date, expected_quantity, unit_price, status, region, site_id) VALUES ('BATCH-10-1-05553409', 'CTR-10-9c1c46ad', TO_DATE('2026-01-09 00:00:00', 'YYYY-MM-DD HH24:MI:SS'), 2500.0, 9000.0, 'Received', 'BAC', 'farm-bac');
INSERT INTO purchase_batch (batch_id, contract_id, purchase_date, expected_quantity, unit_price, status, region, site_id) VALUES ('BATCH-10-2-e1a1daf8', 'CTR-10-9c1c46ad', TO_DATE('2026-01-19 00:00:00', 'YYYY-MM-DD HH24:MI:SS'), 2500.0, 9000.0, 'Inspecting', 'BAC', 'farm-bac');

-- Data for purchase_ticket
INSERT INTO purchase_ticket (ticket_id, batch_id, supplier_id, ingredient_id, raw_weight, received_at, region, site_id) VALUES ('P_TICKET-e90a5058', 'BATCH-1-1-ec296068', 'SUP-43482fa5', 'ING-43a50faa', 1980.321900946504, TO_DATE('2026-04-02 00:00:00', 'YYYY-MM-DD HH24:MI:SS'), 'BAC', 'farm-bac');
INSERT INTO purchase_ticket (ticket_id, batch_id, supplier_id, ingredient_id, raw_weight, received_at, region, site_id) VALUES ('P_TICKET-cecea204', 'BATCH-2-3-77e3e56f', 'SUP-c8ca0e0a', 'ING-43a50faa', 494.14134290883874, TO_DATE('2025-11-30 00:00:00', 'YYYY-MM-DD HH24:MI:SS'), 'BAC', 'farm-bac');
INSERT INTO purchase_ticket (ticket_id, batch_id, supplier_id, ingredient_id, raw_weight, received_at, region, site_id) VALUES ('P_TICKET-fbd06ceb', 'BATCH-2-4-ec7d3e18', 'SUP-c8ca0e0a', 'ING-43a50faa', 498.2386725015112, TO_DATE('2025-10-15 00:00:00', 'YYYY-MM-DD HH24:MI:SS'), 'BAC', 'farm-bac');
INSERT INTO purchase_ticket (ticket_id, batch_id, supplier_id, ingredient_id, raw_weight, received_at, region, site_id) VALUES ('P_TICKET-f3d5b5c8', 'BATCH-3-1-f62620a2', 'SUP-c8ca0e0a', 'ING-8ae65dd1', 503.0768042225151, TO_DATE('2025-12-27 00:00:00', 'YYYY-MM-DD HH24:MI:SS'), 'BAC', 'farm-bac');
INSERT INTO purchase_ticket (ticket_id, batch_id, supplier_id, ingredient_id, raw_weight, received_at, region, site_id) VALUES ('P_TICKET-a05c407e', 'BATCH-3-2-5c4a0691', 'SUP-c8ca0e0a', 'ING-8ae65dd1', 493.4166267706794, TO_DATE('2025-12-23 00:00:00', 'YYYY-MM-DD HH24:MI:SS'), 'BAC', 'farm-bac');
INSERT INTO purchase_ticket (ticket_id, batch_id, supplier_id, ingredient_id, raw_weight, received_at, region, site_id) VALUES ('P_TICKET-264e9d6c', 'BATCH-3-3-1d39df6f', 'SUP-c8ca0e0a', 'ING-8ae65dd1', 490.984546641043, TO_DATE('2025-11-16 00:00:00', 'YYYY-MM-DD HH24:MI:SS'), 'BAC', 'farm-bac');
INSERT INTO purchase_ticket (ticket_id, batch_id, supplier_id, ingredient_id, raw_weight, received_at, region, site_id) VALUES ('P_TICKET-e9d59fcc', 'BATCH-3-4-d747b87c', 'SUP-c8ca0e0a', 'ING-8ae65dd1', 494.00548024602745, TO_DATE('2025-12-04 00:00:00', 'YYYY-MM-DD HH24:MI:SS'), 'BAC', 'farm-bac');
INSERT INTO purchase_ticket (ticket_id, batch_id, supplier_id, ingredient_id, raw_weight, received_at, region, site_id) VALUES ('P_TICKET-d86039a5', 'BATCH-4-1-aa2169da', 'SUP-43482fa5', 'ING-9f286caf', 2489.6997825799313, TO_DATE('2026-05-22 00:00:00', 'YYYY-MM-DD HH24:MI:SS'), 'BAC', 'farm-bac');
INSERT INTO purchase_ticket (ticket_id, batch_id, supplier_id, ingredient_id, raw_weight, received_at, region, site_id) VALUES ('P_TICKET-0137e6f5', 'BATCH-5-3-18051548', 'SUP-43482fa5', 'ING-2bac10f7', 165.54204008170538, TO_DATE('2025-12-21 00:00:00', 'YYYY-MM-DD HH24:MI:SS'), 'BAC', 'farm-bac');
INSERT INTO purchase_ticket (ticket_id, batch_id, supplier_id, ingredient_id, raw_weight, received_at, region, site_id) VALUES ('P_TICKET-655b4005', 'BATCH-6-3-46fb61c4', 'SUP-e13e4fae', 'ING-2300be64', 509.57994228437065, TO_DATE('2026-04-08 00:00:00', 'YYYY-MM-DD HH24:MI:SS'), 'BAC', 'farm-bac');
INSERT INTO purchase_ticket (ticket_id, batch_id, supplier_id, ingredient_id, raw_weight, received_at, region, site_id) VALUES ('P_TICKET-f1561de5', 'BATCH-6-4-ca3e941b', 'SUP-e13e4fae', 'ING-2300be64', 496.77726164351486, TO_DATE('2026-04-13 00:00:00', 'YYYY-MM-DD HH24:MI:SS'), 'BAC', 'farm-bac');
INSERT INTO purchase_ticket (ticket_id, batch_id, supplier_id, ingredient_id, raw_weight, received_at, region, site_id) VALUES ('P_TICKET-c85ea5cd', 'BATCH-7-2-838859b2', 'SUP-e13e4fae', 'ING-8ae65dd1', 1019.789557444816, TO_DATE('2026-01-17 00:00:00', 'YYYY-MM-DD HH24:MI:SS'), 'BAC', 'farm-bac');
INSERT INTO purchase_ticket (ticket_id, batch_id, supplier_id, ingredient_id, raw_weight, received_at, region, site_id) VALUES ('P_TICKET-044159bc', 'BATCH-8-1-106d3b3c', 'SUP-c8ca0e0a', 'ING-8ae65dd1', 658.974349329817, TO_DATE('2026-01-10 00:00:00', 'YYYY-MM-DD HH24:MI:SS'), 'BAC', 'farm-bac');
INSERT INTO purchase_ticket (ticket_id, batch_id, supplier_id, ingredient_id, raw_weight, received_at, region, site_id) VALUES ('P_TICKET-27a38e41', 'BATCH-8-2-aa02cdf6', 'SUP-c8ca0e0a', 'ING-8ae65dd1', 660.6588735779679, TO_DATE('2026-01-08 00:00:00', 'YYYY-MM-DD HH24:MI:SS'), 'BAC', 'farm-bac');
INSERT INTO purchase_ticket (ticket_id, batch_id, supplier_id, ingredient_id, raw_weight, received_at, region, site_id) VALUES ('P_TICKET-48e20f70', 'BATCH-9-1-e0e4908f', 'SUP-c8ca0e0a', 'ING-8ae65dd1', 327.5913455944969, TO_DATE('2025-11-27 00:00:00', 'YYYY-MM-DD HH24:MI:SS'), 'BAC', 'farm-bac');
INSERT INTO purchase_ticket (ticket_id, batch_id, supplier_id, ingredient_id, raw_weight, received_at, region, site_id) VALUES ('P_TICKET-6782a6e5', 'BATCH-9-2-e414827c', 'SUP-c8ca0e0a', 'ING-8ae65dd1', 338.53981496801225, TO_DATE('2026-01-29 00:00:00', 'YYYY-MM-DD HH24:MI:SS'), 'BAC', 'farm-bac');
INSERT INTO purchase_ticket (ticket_id, batch_id, supplier_id, ingredient_id, raw_weight, received_at, region, site_id) VALUES ('P_TICKET-11c2dc84', 'BATCH-9-3-d0a30a9f', 'SUP-c8ca0e0a', 'ING-8ae65dd1', 329.88265804939886, TO_DATE('2025-12-08 00:00:00', 'YYYY-MM-DD HH24:MI:SS'), 'BAC', 'farm-bac');
INSERT INTO purchase_ticket (ticket_id, batch_id, supplier_id, ingredient_id, raw_weight, received_at, region, site_id) VALUES ('P_TICKET-9798738b', 'BATCH-10-1-05553409', 'SUP-43482fa5', 'ING-8ae65dd1', 2522.979817191343, TO_DATE('2026-01-09 00:00:00', 'YYYY-MM-DD HH24:MI:SS'), 'BAC', 'farm-bac');
INSERT INTO purchase_ticket (ticket_id, batch_id, supplier_id, ingredient_id, raw_weight, received_at, region, site_id) VALUES ('P_TICKET-dcb3a4fe', 'BATCH-10-2-e1a1daf8', 'SUP-43482fa5', 'ING-8ae65dd1', 2522.755909584715, TO_DATE('2026-01-19 00:00:00', 'YYYY-MM-DD HH24:MI:SS'), 'BAC', 'farm-bac');

-- Data for weighing_ticket
INSERT INTO weighing_ticket (ticket_id, bed_id, ingredient_id, raw_weight, harvested_by, timestamp, region, site_id) VALUES ('W_TICKET-60f0e8e5', 'BED-A1-894ff590', 'ING-43a50faa', 65.82087273381694, 'Worker Alice', TO_DATE('2026-03-16 22:12:45', 'YYYY-MM-DD HH24:MI:SS'), 'BAC', 'farm-bac');
INSERT INTO weighing_ticket (ticket_id, bed_id, ingredient_id, raw_weight, harvested_by, timestamp, region, site_id) VALUES ('W_TICKET-db565689', 'BED-A2-f5db7c3e', 'ING-43a50faa', 165.65258830411153, 'Worker Alice', TO_DATE('2026-03-17 22:12:45', 'YYYY-MM-DD HH24:MI:SS'), 'BAC', 'farm-bac');
INSERT INTO weighing_ticket (ticket_id, bed_id, ingredient_id, raw_weight, harvested_by, timestamp, region, site_id) VALUES ('W_TICKET-5efef58c', 'BED-B4-3f6fb612', 'ING-43a50faa', 160.83049325470404, 'Worker Alice', TO_DATE('2026-03-17 22:12:45', 'YYYY-MM-DD HH24:MI:SS'), 'BAC', 'farm-bac');
INSERT INTO weighing_ticket (ticket_id, bed_id, ingredient_id, raw_weight, harvested_by, timestamp, region, site_id) VALUES ('W_TICKET-773b9e4a', 'BED-C1-25962388', 'ING-43a50faa', 94.76408763019592, 'Worker Alice', TO_DATE('2026-03-16 22:12:45', 'YYYY-MM-DD HH24:MI:SS'), 'BAC', 'farm-bac');
INSERT INTO weighing_ticket (ticket_id, bed_id, ingredient_id, raw_weight, harvested_by, timestamp, region, site_id) VALUES ('W_TICKET-fcf2751c', 'BED-C2-0c978b4d', 'ING-43a50faa', 54.4041162591278, 'Worker Alice', TO_DATE('2026-03-17 22:12:45', 'YYYY-MM-DD HH24:MI:SS'), 'BAC', 'farm-bac');
INSERT INTO weighing_ticket (ticket_id, bed_id, ingredient_id, raw_weight, harvested_by, timestamp, region, site_id) VALUES ('W_TICKET-39ee7af4', 'BED-C4-c675cfb3', 'ING-43a50faa', 194.3879809587195, 'Worker Alice', TO_DATE('2026-03-18 22:12:45', 'YYYY-MM-DD HH24:MI:SS'), 'BAC', 'farm-bac');
INSERT INTO weighing_ticket (ticket_id, bed_id, ingredient_id, raw_weight, harvested_by, timestamp, region, site_id) VALUES ('W_TICKET-d5022479', 'BED-C5-8b60ed85', 'ING-43a50faa', 62.31554379200417, 'Worker Alice', TO_DATE('2026-03-19 22:12:45', 'YYYY-MM-DD HH24:MI:SS'), 'BAC', 'farm-bac');
INSERT INTO weighing_ticket (ticket_id, bed_id, ingredient_id, raw_weight, harvested_by, timestamp, region, site_id) VALUES ('W_TICKET-dbe9bca4', 'BED-D2-9e257c75', 'ING-43a50faa', 183.17665061661003, 'Worker Alice', TO_DATE('2026-03-16 22:12:45', 'YYYY-MM-DD HH24:MI:SS'), 'BAC', 'farm-bac');
INSERT INTO weighing_ticket (ticket_id, bed_id, ingredient_id, raw_weight, harvested_by, timestamp, region, site_id) VALUES ('W_TICKET-322f2ab6', 'BED-D5-f64a01b4', 'ING-43a50faa', 135.49116119057402, 'Worker Alice', TO_DATE('2026-03-19 22:12:45', 'YYYY-MM-DD HH24:MI:SS'), 'BAC', 'farm-bac');

-- Data for production_lot
INSERT INTO production_lot (lot_id, product_id, mfg_date, exp_date, region, site_id) VALUES ('LOT-fbdd07c7', 'PROD-e51f7af7', TO_DATE('2026-03-17 02:12:45', 'YYYY-MM-DD HH24:MI:SS'), TO_DATE('2026-03-31 02:12:45', 'YYYY-MM-DD HH24:MI:SS'), 'BAC', 'farm-bac');
INSERT INTO production_lot (lot_id, product_id, mfg_date, exp_date, region, site_id) VALUES ('LOT-0ec40c4b', 'PROD-e51f7af7', TO_DATE('2026-03-18 02:12:45', 'YYYY-MM-DD HH24:MI:SS'), TO_DATE('2026-04-01 02:12:45', 'YYYY-MM-DD HH24:MI:SS'), 'BAC', 'farm-bac');
INSERT INTO production_lot (lot_id, product_id, mfg_date, exp_date, region, site_id) VALUES ('LOT-633c4dd7', 'PROD-e51f7af7', TO_DATE('2026-03-18 02:12:45', 'YYYY-MM-DD HH24:MI:SS'), TO_DATE('2026-04-01 02:12:45', 'YYYY-MM-DD HH24:MI:SS'), 'BAC', 'farm-bac');
INSERT INTO production_lot (lot_id, product_id, mfg_date, exp_date, region, site_id) VALUES ('LOT-5e34792e', 'PROD-0cc5e058', TO_DATE('2026-03-17 02:12:45', 'YYYY-MM-DD HH24:MI:SS'), TO_DATE('2026-03-31 02:12:45', 'YYYY-MM-DD HH24:MI:SS'), 'BAC', 'farm-bac');
INSERT INTO production_lot (lot_id, product_id, mfg_date, exp_date, region, site_id) VALUES ('LOT-e10ea337', 'PROD-e51f7af7', TO_DATE('2026-03-18 02:12:45', 'YYYY-MM-DD HH24:MI:SS'), TO_DATE('2026-04-01 02:12:45', 'YYYY-MM-DD HH24:MI:SS'), 'BAC', 'farm-bac');
INSERT INTO production_lot (lot_id, product_id, mfg_date, exp_date, region, site_id) VALUES ('LOT-a9cd2499', 'PROD-0cc5e058', TO_DATE('2026-03-19 02:12:45', 'YYYY-MM-DD HH24:MI:SS'), TO_DATE('2026-04-02 02:12:45', 'YYYY-MM-DD HH24:MI:SS'), 'BAC', 'farm-bac');
INSERT INTO production_lot (lot_id, product_id, mfg_date, exp_date, region, site_id) VALUES ('LOT-6fc2ee3e', 'PROD-0cc5e058', TO_DATE('2026-03-20 02:12:45', 'YYYY-MM-DD HH24:MI:SS'), TO_DATE('2026-04-03 02:12:45', 'YYYY-MM-DD HH24:MI:SS'), 'BAC', 'farm-bac');
INSERT INTO production_lot (lot_id, product_id, mfg_date, exp_date, region, site_id) VALUES ('LOT-e3915cea', 'PROD-e51f7af7', TO_DATE('2026-03-17 02:12:45', 'YYYY-MM-DD HH24:MI:SS'), TO_DATE('2026-03-31 02:12:45', 'YYYY-MM-DD HH24:MI:SS'), 'BAC', 'farm-bac');
INSERT INTO production_lot (lot_id, product_id, mfg_date, exp_date, region, site_id) VALUES ('LOT-e4fcad11', 'PROD-e51f7af7', TO_DATE('2026-03-20 02:12:45', 'YYYY-MM-DD HH24:MI:SS'), TO_DATE('2026-04-03 02:12:45', 'YYYY-MM-DD HH24:MI:SS'), 'BAC', 'farm-bac');

-- Data for qc_record
INSERT INTO qc_record (qc_id, source_type, reference_id, inspector_name, sample_size, defects_found, quality_score, pass_status, notes, checked_at, appearance_grade, brix_level, ph_level, pesticide_residue_check, final_grade, region, site_id) VALUES ('QCRCV-46a84ad7', 'RECEIVING', 'P_TICKET-e90a5058', 'QC Staff A', 10, 5, 58, 'FAIL', 'Standard Check', TO_DATE('2026-04-02 02:00:00', 'YYYY-MM-DD HH24:MI:SS'), 'UNKNOWN', 0, 0, 'UNKNOWN', 'PENDING', 'BAC', 'farm-bac');
INSERT INTO qc_record (qc_id, source_type, reference_id, inspector_name, sample_size, defects_found, quality_score, pass_status, notes, checked_at, appearance_grade, brix_level, ph_level, pesticide_residue_check, final_grade, region, site_id) VALUES ('QCRCV-c6247281', 'RECEIVING', 'P_TICKET-cecea204', 'QC Staff A', 10, 5, 69, 'CONDITIONAL', 'Standard Check', TO_DATE('2025-11-30 02:00:00', 'YYYY-MM-DD HH24:MI:SS'), 'UNKNOWN', 0, 0, 'UNKNOWN', 'PENDING', 'BAC', 'farm-bac');
INSERT INTO qc_record (qc_id, source_type, reference_id, inspector_name, sample_size, defects_found, quality_score, pass_status, notes, checked_at, appearance_grade, brix_level, ph_level, pesticide_residue_check, final_grade, region, site_id) VALUES ('QCRCV-9c5cc0a1', 'RECEIVING', 'P_TICKET-fbd06ceb', 'QC Staff A', 10, 2, 82, 'PASS', 'Standard Check', TO_DATE('2025-10-15 02:00:00', 'YYYY-MM-DD HH24:MI:SS'), 'UNKNOWN', 0, 0, 'UNKNOWN', 'PENDING', 'BAC', 'farm-bac');
INSERT INTO qc_record (qc_id, source_type, reference_id, inspector_name, sample_size, defects_found, quality_score, pass_status, notes, checked_at, appearance_grade, brix_level, ph_level, pesticide_residue_check, final_grade, region, site_id) VALUES ('QCRCV-62622512', 'RECEIVING', 'P_TICKET-f3d5b5c8', 'QC Staff A', 10, 7, 58, 'CONDITIONAL', 'Standard Check', TO_DATE('2025-12-27 02:00:00', 'YYYY-MM-DD HH24:MI:SS'), 'UNKNOWN', 0, 0, 'UNKNOWN', 'PENDING', 'BAC', 'farm-bac');
INSERT INTO qc_record (qc_id, source_type, reference_id, inspector_name, sample_size, defects_found, quality_score, pass_status, notes, checked_at, appearance_grade, brix_level, ph_level, pesticide_residue_check, final_grade, region, site_id) VALUES ('QCRCV-116098d4', 'RECEIVING', 'P_TICKET-a05c407e', 'QC Staff A', 10, 5, 51, 'CONDITIONAL', 'Standard Check', TO_DATE('2025-12-23 02:00:00', 'YYYY-MM-DD HH24:MI:SS'), 'UNKNOWN', 0, 0, 'UNKNOWN', 'PENDING', 'BAC', 'farm-bac');
INSERT INTO qc_record (qc_id, source_type, reference_id, inspector_name, sample_size, defects_found, quality_score, pass_status, notes, checked_at, appearance_grade, brix_level, ph_level, pesticide_residue_check, final_grade, region, site_id) VALUES ('QCRCV-96d728c5', 'RECEIVING', 'P_TICKET-264e9d6c', 'QC Staff A', 10, 5, 63, 'CONDITIONAL', 'Standard Check', TO_DATE('2025-11-16 02:00:00', 'YYYY-MM-DD HH24:MI:SS'), 'UNKNOWN', 0, 0, 'UNKNOWN', 'PENDING', 'BAC', 'farm-bac');
INSERT INTO qc_record (qc_id, source_type, reference_id, inspector_name, sample_size, defects_found, quality_score, pass_status, notes, checked_at, appearance_grade, brix_level, ph_level, pesticide_residue_check, final_grade, region, site_id) VALUES ('QCRCV-9336d740', 'RECEIVING', 'P_TICKET-e9d59fcc', 'QC Staff A', 10, 3, 94, 'PASS', 'Standard Check', TO_DATE('2025-12-04 02:00:00', 'YYYY-MM-DD HH24:MI:SS'), 'UNKNOWN', 0, 0, 'UNKNOWN', 'PENDING', 'BAC', 'farm-bac');
INSERT INTO qc_record (qc_id, source_type, reference_id, inspector_name, sample_size, defects_found, quality_score, pass_status, notes, checked_at, appearance_grade, brix_level, ph_level, pesticide_residue_check, final_grade, region, site_id) VALUES ('QCRCV-122f6b55', 'RECEIVING', 'P_TICKET-d86039a5', 'QC Staff A', 10, 3, 90, 'PASS', 'Standard Check', TO_DATE('2026-05-22 02:00:00', 'YYYY-MM-DD HH24:MI:SS'), 'UNKNOWN', 0, 0, 'UNKNOWN', 'PENDING', 'BAC', 'farm-bac');
INSERT INTO qc_record (qc_id, source_type, reference_id, inspector_name, sample_size, defects_found, quality_score, pass_status, notes, checked_at, appearance_grade, brix_level, ph_level, pesticide_residue_check, final_grade, region, site_id) VALUES ('QCRCV-1e5a092e', 'RECEIVING', 'P_TICKET-0137e6f5', 'QC Staff A', 10, 10, 58, 'CONDITIONAL', 'Standard Check', TO_DATE('2025-12-21 02:00:00', 'YYYY-MM-DD HH24:MI:SS'), 'UNKNOWN', 0, 0, 'UNKNOWN', 'PENDING', 'BAC', 'farm-bac');
INSERT INTO qc_record (qc_id, source_type, reference_id, inspector_name, sample_size, defects_found, quality_score, pass_status, notes, checked_at, appearance_grade, brix_level, ph_level, pesticide_residue_check, final_grade, region, site_id) VALUES ('QCRCV-fdbe3577', 'RECEIVING', 'P_TICKET-655b4005', 'QC Staff A', 10, 5, 51, 'FAIL', 'Standard Check', TO_DATE('2026-04-08 02:00:00', 'YYYY-MM-DD HH24:MI:SS'), 'UNKNOWN', 0, 0, 'UNKNOWN', 'PENDING', 'BAC', 'farm-bac');
INSERT INTO qc_record (qc_id, source_type, reference_id, inspector_name, sample_size, defects_found, quality_score, pass_status, notes, checked_at, appearance_grade, brix_level, ph_level, pesticide_residue_check, final_grade, region, site_id) VALUES ('QCRCV-49de6579', 'RECEIVING', 'P_TICKET-f1561de5', 'QC Staff A', 10, 9, 52, 'CONDITIONAL', 'Standard Check', TO_DATE('2026-04-13 02:00:00', 'YYYY-MM-DD HH24:MI:SS'), 'UNKNOWN', 0, 0, 'UNKNOWN', 'PENDING', 'BAC', 'farm-bac');
INSERT INTO qc_record (qc_id, source_type, reference_id, inspector_name, sample_size, defects_found, quality_score, pass_status, notes, checked_at, appearance_grade, brix_level, ph_level, pesticide_residue_check, final_grade, region, site_id) VALUES ('QCRCV-f1e12a87', 'RECEIVING', 'P_TICKET-c85ea5cd', 'QC Staff A', 10, 3, 87, 'PASS', 'Standard Check', TO_DATE('2026-01-17 02:00:00', 'YYYY-MM-DD HH24:MI:SS'), 'UNKNOWN', 0, 0, 'UNKNOWN', 'PENDING', 'BAC', 'farm-bac');
INSERT INTO qc_record (qc_id, source_type, reference_id, inspector_name, sample_size, defects_found, quality_score, pass_status, notes, checked_at, appearance_grade, brix_level, ph_level, pesticide_residue_check, final_grade, region, site_id) VALUES ('QCRCV-425339fd', 'RECEIVING', 'P_TICKET-044159bc', 'QC Staff A', 10, 8, 64, 'FAIL', 'Standard Check', TO_DATE('2026-01-10 02:00:00', 'YYYY-MM-DD HH24:MI:SS'), 'UNKNOWN', 0, 0, 'UNKNOWN', 'PENDING', 'BAC', 'farm-bac');
INSERT INTO qc_record (qc_id, source_type, reference_id, inspector_name, sample_size, defects_found, quality_score, pass_status, notes, checked_at, appearance_grade, brix_level, ph_level, pesticide_residue_check, final_grade, region, site_id) VALUES ('QCRCV-366b2832', 'RECEIVING', 'P_TICKET-27a38e41', 'QC Staff A', 10, 1, 84, 'PASS', 'Standard Check', TO_DATE('2026-01-08 02:00:00', 'YYYY-MM-DD HH24:MI:SS'), 'UNKNOWN', 0, 0, 'UNKNOWN', 'PENDING', 'BAC', 'farm-bac');
INSERT INTO qc_record (qc_id, source_type, reference_id, inspector_name, sample_size, defects_found, quality_score, pass_status, notes, checked_at, appearance_grade, brix_level, ph_level, pesticide_residue_check, final_grade, region, site_id) VALUES ('QCRCV-6cb14509', 'RECEIVING', 'P_TICKET-48e20f70', 'QC Staff A', 10, 2, 85, 'PASS', 'Standard Check', TO_DATE('2025-11-27 02:00:00', 'YYYY-MM-DD HH24:MI:SS'), 'UNKNOWN', 0, 0, 'UNKNOWN', 'PENDING', 'BAC', 'farm-bac');
INSERT INTO qc_record (qc_id, source_type, reference_id, inspector_name, sample_size, defects_found, quality_score, pass_status, notes, checked_at, appearance_grade, brix_level, ph_level, pesticide_residue_check, final_grade, region, site_id) VALUES ('QCRCV-fe094a56', 'RECEIVING', 'P_TICKET-6782a6e5', 'QC Staff A', 10, 9, 54, 'CONDITIONAL', 'Standard Check', TO_DATE('2026-01-29 02:00:00', 'YYYY-MM-DD HH24:MI:SS'), 'UNKNOWN', 0, 0, 'UNKNOWN', 'PENDING', 'BAC', 'farm-bac');
INSERT INTO qc_record (qc_id, source_type, reference_id, inspector_name, sample_size, defects_found, quality_score, pass_status, notes, checked_at, appearance_grade, brix_level, ph_level, pesticide_residue_check, final_grade, region, site_id) VALUES ('QCRCV-9f0b39fc', 'RECEIVING', 'P_TICKET-11c2dc84', 'QC Staff A', 10, 5, 57, 'FAIL', 'Standard Check', TO_DATE('2025-12-08 02:00:00', 'YYYY-MM-DD HH24:MI:SS'), 'UNKNOWN', 0, 0, 'UNKNOWN', 'PENDING', 'BAC', 'farm-bac');
INSERT INTO qc_record (qc_id, source_type, reference_id, inspector_name, sample_size, defects_found, quality_score, pass_status, notes, checked_at, appearance_grade, brix_level, ph_level, pesticide_residue_check, final_grade, region, site_id) VALUES ('QCRCV-0793ebbe', 'RECEIVING', 'P_TICKET-9798738b', 'QC Staff A', 10, 5, 64, 'FAIL', 'Standard Check', TO_DATE('2026-01-09 02:00:00', 'YYYY-MM-DD HH24:MI:SS'), 'UNKNOWN', 0, 0, 'UNKNOWN', 'PENDING', 'BAC', 'farm-bac');
INSERT INTO qc_record (qc_id, source_type, reference_id, inspector_name, sample_size, defects_found, quality_score, pass_status, notes, checked_at, appearance_grade, brix_level, ph_level, pesticide_residue_check, final_grade, region, site_id) VALUES ('QCRCV-ef7d16b8', 'RECEIVING', 'P_TICKET-dcb3a4fe', 'QC Staff A', 10, 8, 57, 'FAIL', 'Standard Check', TO_DATE('2026-01-19 02:00:00', 'YYYY-MM-DD HH24:MI:SS'), 'UNKNOWN', 0, 0, 'UNKNOWN', 'PENDING', 'BAC', 'farm-bac');
INSERT INTO qc_record (qc_id, source_type, reference_id, inspector_name, appearance_grade, notes, pass_status, checked_at, sample_size, defects_found, quality_score, brix_level, ph_level, pesticide_residue_check, final_grade, region, site_id) VALUES ('QCHAR-56c726be', 'HARVEST', 'W_TICKET-60f0e8e5', 'Field Supervisor', 'C', 'None', 'PASS', TO_DATE('2026-03-16 22:42:45', 'YYYY-MM-DD HH24:MI:SS'), 0, 0, 0, 0, 0, 'UNKNOWN', 'PENDING', 'BAC', 'farm-bac');
INSERT INTO qc_record (qc_id, source_type, reference_id, inspector_name, brix_level, ph_level, pesticide_residue_check, final_grade, checked_at, pass_status, notes, sample_size, defects_found, quality_score, appearance_grade, region, site_id) VALUES ('QCPROD-eaecbf87', 'PRODUCT', 'LOT-fbdd07c7', 'QC Lab', 8.7, 4.8, 'PASS', 'PREMIUM', TO_DATE('2026-03-17 02:42:45', 'YYYY-MM-DD HH24:MI:SS'), 'PASS', 'None', 0, 0, 0, 'UNKNOWN', 'BAC', 'farm-bac');
INSERT INTO qc_record (qc_id, source_type, reference_id, inspector_name, appearance_grade, notes, pass_status, checked_at, sample_size, defects_found, quality_score, brix_level, ph_level, pesticide_residue_check, final_grade, region, site_id) VALUES ('QCHAR-c3ab3d8e', 'HARVEST', 'W_TICKET-db565689', 'Field Supervisor', 'B', 'None', 'PASS', TO_DATE('2026-03-17 22:42:45', 'YYYY-MM-DD HH24:MI:SS'), 0, 0, 0, 0, 0, 'UNKNOWN', 'PENDING', 'BAC', 'farm-bac');
INSERT INTO qc_record (qc_id, source_type, reference_id, inspector_name, brix_level, ph_level, pesticide_residue_check, final_grade, checked_at, pass_status, notes, sample_size, defects_found, quality_score, appearance_grade, region, site_id) VALUES ('QCPROD-bac0c95c', 'PRODUCT', 'LOT-0ec40c4b', 'QC Lab', 5.7, 6.0, 'PASS', 'PREMIUM', TO_DATE('2026-03-18 02:42:45', 'YYYY-MM-DD HH24:MI:SS'), 'PASS', 'None', 0, 0, 0, 'UNKNOWN', 'BAC', 'farm-bac');
INSERT INTO qc_record (qc_id, source_type, reference_id, inspector_name, appearance_grade, notes, pass_status, checked_at, sample_size, defects_found, quality_score, brix_level, ph_level, pesticide_residue_check, final_grade, region, site_id) VALUES ('QCHAR-30533142', 'HARVEST', 'W_TICKET-5efef58c', 'Field Supervisor', 'B', 'None', 'PASS', TO_DATE('2026-03-17 22:42:45', 'YYYY-MM-DD HH24:MI:SS'), 0, 0, 0, 0, 0, 'UNKNOWN', 'PENDING', 'BAC', 'farm-bac');
INSERT INTO qc_record (qc_id, source_type, reference_id, inspector_name, brix_level, ph_level, pesticide_residue_check, final_grade, checked_at, pass_status, notes, sample_size, defects_found, quality_score, appearance_grade, region, site_id) VALUES ('QCPROD-38254ed3', 'PRODUCT', 'LOT-633c4dd7', 'QC Lab', 8.2, 5.9, 'PASS', 'STANDARD', TO_DATE('2026-03-18 02:42:45', 'YYYY-MM-DD HH24:MI:SS'), 'PASS', 'None', 0, 0, 0, 'UNKNOWN', 'BAC', 'farm-bac');
INSERT INTO qc_record (qc_id, source_type, reference_id, inspector_name, appearance_grade, notes, pass_status, checked_at, sample_size, defects_found, quality_score, brix_level, ph_level, pesticide_residue_check, final_grade, region, site_id) VALUES ('QCHAR-cbe1aa14', 'HARVEST', 'W_TICKET-773b9e4a', 'Field Supervisor', 'C', 'None', 'PASS', TO_DATE('2026-03-16 22:42:45', 'YYYY-MM-DD HH24:MI:SS'), 0, 0, 0, 0, 0, 'UNKNOWN', 'PENDING', 'BAC', 'farm-bac');
INSERT INTO qc_record (qc_id, source_type, reference_id, inspector_name, brix_level, ph_level, pesticide_residue_check, final_grade, checked_at, pass_status, notes, sample_size, defects_found, quality_score, appearance_grade, region, site_id) VALUES ('QCPROD-f5eadf56', 'PRODUCT', 'LOT-5e34792e', 'QC Lab', 10.3, 3.7, 'PASS', 'PREMIUM', TO_DATE('2026-03-17 02:42:45', 'YYYY-MM-DD HH24:MI:SS'), 'PASS', 'None', 0, 0, 0, 'UNKNOWN', 'BAC', 'farm-bac');
INSERT INTO qc_record (qc_id, source_type, reference_id, inspector_name, appearance_grade, notes, pass_status, checked_at, sample_size, defects_found, quality_score, brix_level, ph_level, pesticide_residue_check, final_grade, region, site_id) VALUES ('QCHAR-2952d5e1', 'HARVEST', 'W_TICKET-fcf2751c', 'Field Supervisor', 'A', 'None', 'PASS', TO_DATE('2026-03-17 22:42:45', 'YYYY-MM-DD HH24:MI:SS'), 0, 0, 0, 0, 0, 'UNKNOWN', 'PENDING', 'BAC', 'farm-bac');
INSERT INTO qc_record (qc_id, source_type, reference_id, inspector_name, brix_level, ph_level, pesticide_residue_check, final_grade, checked_at, pass_status, notes, sample_size, defects_found, quality_score, appearance_grade, region, site_id) VALUES ('QCPROD-dbf100a9', 'PRODUCT', 'LOT-e10ea337', 'QC Lab', 13.8, 3.9, 'PASS', 'STANDARD', TO_DATE('2026-03-18 02:42:45', 'YYYY-MM-DD HH24:MI:SS'), 'PASS', 'None', 0, 0, 0, 'UNKNOWN', 'BAC', 'farm-bac');
INSERT INTO qc_record (qc_id, source_type, reference_id, inspector_name, appearance_grade, notes, pass_status, checked_at, sample_size, defects_found, quality_score, brix_level, ph_level, pesticide_residue_check, final_grade, region, site_id) VALUES ('QCHAR-faa51696', 'HARVEST', 'W_TICKET-39ee7af4', 'Field Supervisor', 'C', 'None', 'PASS', TO_DATE('2026-03-18 22:42:45', 'YYYY-MM-DD HH24:MI:SS'), 0, 0, 0, 0, 0, 'UNKNOWN', 'PENDING', 'BAC', 'farm-bac');
INSERT INTO qc_record (qc_id, source_type, reference_id, inspector_name, brix_level, ph_level, pesticide_residue_check, final_grade, checked_at, pass_status, notes, sample_size, defects_found, quality_score, appearance_grade, region, site_id) VALUES ('QCPROD-691667c6', 'PRODUCT', 'LOT-a9cd2499', 'QC Lab', 13.6, 6.2, 'PASS', 'STANDARD', TO_DATE('2026-03-19 02:42:45', 'YYYY-MM-DD HH24:MI:SS'), 'PASS', 'None', 0, 0, 0, 'UNKNOWN', 'BAC', 'farm-bac');
INSERT INTO qc_record (qc_id, source_type, reference_id, inspector_name, appearance_grade, notes, pass_status, checked_at, sample_size, defects_found, quality_score, brix_level, ph_level, pesticide_residue_check, final_grade, region, site_id) VALUES ('QCHAR-d1efb74c', 'HARVEST', 'W_TICKET-d5022479', 'Field Supervisor', 'B', 'None', 'PASS', TO_DATE('2026-03-19 22:42:45', 'YYYY-MM-DD HH24:MI:SS'), 0, 0, 0, 0, 0, 'UNKNOWN', 'PENDING', 'BAC', 'farm-bac');
INSERT INTO qc_record (qc_id, source_type, reference_id, inspector_name, brix_level, ph_level, pesticide_residue_check, final_grade, checked_at, pass_status, notes, sample_size, defects_found, quality_score, appearance_grade, region, site_id) VALUES ('QCPROD-83c65551', 'PRODUCT', 'LOT-6fc2ee3e', 'QC Lab', 7.2, 4.2, 'PASS', 'PREMIUM', TO_DATE('2026-03-20 02:42:45', 'YYYY-MM-DD HH24:MI:SS'), 'PASS', 'None', 0, 0, 0, 'UNKNOWN', 'BAC', 'farm-bac');
INSERT INTO qc_record (qc_id, source_type, reference_id, inspector_name, appearance_grade, notes, pass_status, checked_at, sample_size, defects_found, quality_score, brix_level, ph_level, pesticide_residue_check, final_grade, region, site_id) VALUES ('QCHAR-c2ee2373', 'HARVEST', 'W_TICKET-dbe9bca4', 'Field Supervisor', 'A', 'None', 'PASS', TO_DATE('2026-03-16 22:42:45', 'YYYY-MM-DD HH24:MI:SS'), 0, 0, 0, 0, 0, 'UNKNOWN', 'PENDING', 'BAC', 'farm-bac');
INSERT INTO qc_record (qc_id, source_type, reference_id, inspector_name, brix_level, ph_level, pesticide_residue_check, final_grade, checked_at, pass_status, notes, sample_size, defects_found, quality_score, appearance_grade, region, site_id) VALUES ('QCPROD-8719db9d', 'PRODUCT', 'LOT-e3915cea', 'QC Lab', 14.8, 5.0, 'PASS', 'PREMIUM', TO_DATE('2026-03-17 02:42:45', 'YYYY-MM-DD HH24:MI:SS'), 'PASS', 'None', 0, 0, 0, 'UNKNOWN', 'BAC', 'farm-bac');
INSERT INTO qc_record (qc_id, source_type, reference_id, inspector_name, appearance_grade, notes, pass_status, checked_at, sample_size, defects_found, quality_score, brix_level, ph_level, pesticide_residue_check, final_grade, region, site_id) VALUES ('QCHAR-9dac951c', 'HARVEST', 'W_TICKET-322f2ab6', 'Field Supervisor', 'A', 'None', 'PASS', TO_DATE('2026-03-19 22:42:45', 'YYYY-MM-DD HH24:MI:SS'), 0, 0, 0, 0, 0, 'UNKNOWN', 'PENDING', 'BAC', 'farm-bac');
INSERT INTO qc_record (qc_id, source_type, reference_id, inspector_name, brix_level, ph_level, pesticide_residue_check, final_grade, checked_at, pass_status, notes, sample_size, defects_found, quality_score, appearance_grade, region, site_id) VALUES ('QCPROD-bdc408ed', 'PRODUCT', 'LOT-e4fcad11', 'QC Lab', 13.1, 6.4, 'PASS', 'STANDARD', TO_DATE('2026-03-20 02:42:45', 'YYYY-MM-DD HH24:MI:SS'), 'PASS', 'None', 0, 0, 0, 'UNKNOWN', 'BAC', 'farm-bac');

-- Data for transport_ticket
INSERT INTO transport_ticket (transport_id, source_type, source_ticket_id, destination_warehouse_id, driver, vehicle, depart_time, arrive_time, status, region, site_id) VALUES ('TRANS-6ae4abc4', 'PURCHASE', 'P_TICKET-cecea204', 'WH-4e57ef22', 'Le Hong P', 'Truck-13', TO_DATE('2025-11-30 03:00:00', 'YYYY-MM-DD HH24:MI:SS'), TO_DATE('2025-11-30 04:00:00', 'YYYY-MM-DD HH24:MI:SS'), 'Delivered', 'BAC', 'farm-bac');
INSERT INTO transport_ticket (transport_id, source_type, source_ticket_id, destination_warehouse_id, driver, vehicle, depart_time, arrive_time, status, region, site_id) VALUES ('TRANS-ce71019f', 'PURCHASE', 'P_TICKET-fbd06ceb', 'WH-4e57ef22', 'Ngo Gia T', 'Truck-41', TO_DATE('2025-10-15 03:00:00', 'YYYY-MM-DD HH24:MI:SS'), TO_DATE('2025-10-15 04:00:00', 'YYYY-MM-DD HH24:MI:SS'), 'Delivered', 'BAC', 'farm-bac');
INSERT INTO transport_ticket (transport_id, source_type, source_ticket_id, destination_warehouse_id, driver, vehicle, depart_time, arrive_time, status, region, site_id) VALUES ('TRANS-80d4abb9', 'PURCHASE', 'P_TICKET-f3d5b5c8', 'WH-4e57ef22', 'Le Hong P', 'Truck-41', TO_DATE('2025-12-27 03:00:00', 'YYYY-MM-DD HH24:MI:SS'), TO_DATE('2025-12-27 04:00:00', 'YYYY-MM-DD HH24:MI:SS'), 'Delivered', 'BAC', 'farm-bac');
INSERT INTO transport_ticket (transport_id, source_type, source_ticket_id, destination_warehouse_id, driver, vehicle, depart_time, arrive_time, status, region, site_id) VALUES ('TRANS-e74698a1', 'PURCHASE', 'P_TICKET-a05c407e', 'WH-4e57ef22', 'Ngo Gia T', 'Truck-71', TO_DATE('2025-12-23 03:00:00', 'YYYY-MM-DD HH24:MI:SS'), TO_DATE('2025-12-23 04:00:00', 'YYYY-MM-DD HH24:MI:SS'), 'Delivered', 'BAC', 'farm-bac');
INSERT INTO transport_ticket (transport_id, source_type, source_ticket_id, destination_warehouse_id, driver, vehicle, depart_time, arrive_time, status, region, site_id) VALUES ('TRANS-fd336409', 'PURCHASE', 'P_TICKET-264e9d6c', 'WH-4e57ef22', 'Le Hong P', 'Truck-88', TO_DATE('2025-11-16 03:00:00', 'YYYY-MM-DD HH24:MI:SS'), TO_DATE('2025-11-16 04:00:00', 'YYYY-MM-DD HH24:MI:SS'), 'Delivered', 'BAC', 'farm-bac');
INSERT INTO transport_ticket (transport_id, source_type, source_ticket_id, destination_warehouse_id, driver, vehicle, depart_time, arrive_time, status, region, site_id) VALUES ('TRANS-87d5aa40', 'PURCHASE', 'P_TICKET-e9d59fcc', 'WH-4e57ef22', 'Ngo Gia T', 'Truck-24', TO_DATE('2025-12-04 03:00:00', 'YYYY-MM-DD HH24:MI:SS'), TO_DATE('2025-12-04 04:00:00', 'YYYY-MM-DD HH24:MI:SS'), 'Delivered', 'BAC', 'farm-bac');
INSERT INTO transport_ticket (transport_id, source_type, source_ticket_id, destination_warehouse_id, driver, vehicle, depart_time, arrive_time, status, region, site_id) VALUES ('TRANS-2d54149a', 'PURCHASE', 'P_TICKET-d86039a5', 'WH-4e57ef22', 'Le Hong P', 'Truck-92', TO_DATE('2026-05-22 03:00:00', 'YYYY-MM-DD HH24:MI:SS'), TO_DATE('2026-05-22 04:00:00', 'YYYY-MM-DD HH24:MI:SS'), 'Delivered', 'BAC', 'farm-bac');
INSERT INTO transport_ticket (transport_id, source_type, source_ticket_id, destination_warehouse_id, driver, vehicle, depart_time, arrive_time, status, region, site_id) VALUES ('TRANS-7a613ec0', 'PURCHASE', 'P_TICKET-0137e6f5', 'WH-4e57ef22', 'Le Hong P', 'Truck-98', TO_DATE('2025-12-21 03:00:00', 'YYYY-MM-DD HH24:MI:SS'), TO_DATE('2025-12-21 04:00:00', 'YYYY-MM-DD HH24:MI:SS'), 'Delivered', 'BAC', 'farm-bac');
INSERT INTO transport_ticket (transport_id, source_type, source_ticket_id, destination_warehouse_id, driver, vehicle, depart_time, arrive_time, status, region, site_id) VALUES ('TRANS-0c3c3c17', 'PURCHASE', 'P_TICKET-f1561de5', 'WH-4e57ef22', 'Le Hong P', 'Truck-65', TO_DATE('2026-04-13 03:00:00', 'YYYY-MM-DD HH24:MI:SS'), TO_DATE('2026-04-13 04:00:00', 'YYYY-MM-DD HH24:MI:SS'), 'Delivered', 'BAC', 'farm-bac');
INSERT INTO transport_ticket (transport_id, source_type, source_ticket_id, destination_warehouse_id, driver, vehicle, depart_time, arrive_time, status, region, site_id) VALUES ('TRANS-22545ed7', 'PURCHASE', 'P_TICKET-c85ea5cd', 'WH-4e57ef22', 'Le Hong P', 'Truck-32', TO_DATE('2026-01-17 03:00:00', 'YYYY-MM-DD HH24:MI:SS'), TO_DATE('2026-01-17 04:00:00', 'YYYY-MM-DD HH24:MI:SS'), 'Delivered', 'BAC', 'farm-bac');
INSERT INTO transport_ticket (transport_id, source_type, source_ticket_id, destination_warehouse_id, driver, vehicle, depart_time, arrive_time, status, region, site_id) VALUES ('TRANS-16045518', 'PURCHASE', 'P_TICKET-27a38e41', 'WH-4e57ef22', 'Ngo Gia T', 'Truck-92', TO_DATE('2026-01-08 03:00:00', 'YYYY-MM-DD HH24:MI:SS'), TO_DATE('2026-01-08 04:00:00', 'YYYY-MM-DD HH24:MI:SS'), 'Delivered', 'BAC', 'farm-bac');
INSERT INTO transport_ticket (transport_id, source_type, source_ticket_id, destination_warehouse_id, driver, vehicle, depart_time, arrive_time, status, region, site_id) VALUES ('TRANS-330a3f02', 'PURCHASE', 'P_TICKET-48e20f70', 'WH-4e57ef22', 'Le Hong P', 'Truck-49', TO_DATE('2025-11-27 03:00:00', 'YYYY-MM-DD HH24:MI:SS'), TO_DATE('2025-11-27 04:00:00', 'YYYY-MM-DD HH24:MI:SS'), 'Delivered', 'BAC', 'farm-bac');
INSERT INTO transport_ticket (transport_id, source_type, source_ticket_id, destination_warehouse_id, driver, vehicle, depart_time, arrive_time, status, region, site_id) VALUES ('TRANS-5c5da44b', 'PURCHASE', 'P_TICKET-6782a6e5', 'WH-4e57ef22', 'Le Hong P', 'Truck-86', TO_DATE('2026-01-29 03:00:00', 'YYYY-MM-DD HH24:MI:SS'), TO_DATE('2026-01-29 04:00:00', 'YYYY-MM-DD HH24:MI:SS'), 'Delivered', 'BAC', 'farm-bac');

-- Data for inventory
INSERT INTO inventory (inventory_id, warehouse_id, inventory_type, item_id, lot_number, origin_source, origin_ref_id, quantity_kg, updated_at, region, site_id) VALUES ('INV-5483696a', 'WH-4e57ef22', 'INGREDIENT', 'ING-43a50faa', 'BATCH-2-3-77e3e56f', 'PURCHASE', 'BATCH-2-3-77e3e56f', 494.14134290883874, TO_DATE('2025-11-30 04:00:00', 'YYYY-MM-DD HH24:MI:SS'), 'BAC', 'farm-bac');
INSERT INTO inventory (inventory_id, warehouse_id, inventory_type, item_id, lot_number, origin_source, origin_ref_id, quantity_kg, updated_at, region, site_id) VALUES ('INV-67e90d2c', 'WH-4e57ef22', 'INGREDIENT', 'ING-43a50faa', 'BATCH-2-4-ec7d3e18', 'PURCHASE', 'BATCH-2-4-ec7d3e18', 498.2386725015112, TO_DATE('2025-10-15 04:00:00', 'YYYY-MM-DD HH24:MI:SS'), 'BAC', 'farm-bac');
INSERT INTO inventory (inventory_id, warehouse_id, inventory_type, item_id, lot_number, origin_source, origin_ref_id, quantity_kg, updated_at, region, site_id) VALUES ('INV-92be58e4', 'WH-4e57ef22', 'INGREDIENT', 'ING-8ae65dd1', 'BATCH-3-1-f62620a2', 'PURCHASE', 'BATCH-3-1-f62620a2', 503.0768042225151, TO_DATE('2025-12-27 04:00:00', 'YYYY-MM-DD HH24:MI:SS'), 'BAC', 'farm-bac');
INSERT INTO inventory (inventory_id, warehouse_id, inventory_type, item_id, lot_number, origin_source, origin_ref_id, quantity_kg, updated_at, region, site_id) VALUES ('INV-082985f8', 'WH-4e57ef22', 'INGREDIENT', 'ING-8ae65dd1', 'BATCH-3-2-5c4a0691', 'PURCHASE', 'BATCH-3-2-5c4a0691', 493.4166267706794, TO_DATE('2025-12-23 04:00:00', 'YYYY-MM-DD HH24:MI:SS'), 'BAC', 'farm-bac');
INSERT INTO inventory (inventory_id, warehouse_id, inventory_type, item_id, lot_number, origin_source, origin_ref_id, quantity_kg, updated_at, region, site_id) VALUES ('INV-4b149510', 'WH-4e57ef22', 'INGREDIENT', 'ING-8ae65dd1', 'BATCH-3-3-1d39df6f', 'PURCHASE', 'BATCH-3-3-1d39df6f', 490.984546641043, TO_DATE('2025-11-16 04:00:00', 'YYYY-MM-DD HH24:MI:SS'), 'BAC', 'farm-bac');
INSERT INTO inventory (inventory_id, warehouse_id, inventory_type, item_id, lot_number, origin_source, origin_ref_id, quantity_kg, updated_at, region, site_id) VALUES ('INV-da524fec', 'WH-4e57ef22', 'INGREDIENT', 'ING-8ae65dd1', 'BATCH-3-4-d747b87c', 'PURCHASE', 'BATCH-3-4-d747b87c', 494.00548024602745, TO_DATE('2025-12-04 04:00:00', 'YYYY-MM-DD HH24:MI:SS'), 'BAC', 'farm-bac');
INSERT INTO inventory (inventory_id, warehouse_id, inventory_type, item_id, lot_number, origin_source, origin_ref_id, quantity_kg, updated_at, region, site_id) VALUES ('INV-f461efd7', 'WH-4e57ef22', 'INGREDIENT', 'ING-9f286caf', 'BATCH-4-1-aa2169da', 'PURCHASE', 'BATCH-4-1-aa2169da', 2489.6997825799313, TO_DATE('2026-05-22 04:00:00', 'YYYY-MM-DD HH24:MI:SS'), 'BAC', 'farm-bac');
INSERT INTO inventory (inventory_id, warehouse_id, inventory_type, item_id, lot_number, origin_source, origin_ref_id, quantity_kg, updated_at, region, site_id) VALUES ('INV-294b70fc', 'WH-4e57ef22', 'INGREDIENT', 'ING-2bac10f7', 'BATCH-5-3-18051548', 'PURCHASE', 'BATCH-5-3-18051548', 165.54204008170538, TO_DATE('2025-12-21 04:00:00', 'YYYY-MM-DD HH24:MI:SS'), 'BAC', 'farm-bac');
INSERT INTO inventory (inventory_id, warehouse_id, inventory_type, item_id, lot_number, origin_source, origin_ref_id, quantity_kg, updated_at, region, site_id) VALUES ('INV-4dd78bcb', 'WH-4e57ef22', 'INGREDIENT', 'ING-2300be64', 'BATCH-6-4-ca3e941b', 'PURCHASE', 'BATCH-6-4-ca3e941b', 496.77726164351486, TO_DATE('2026-04-13 04:00:00', 'YYYY-MM-DD HH24:MI:SS'), 'BAC', 'farm-bac');
INSERT INTO inventory (inventory_id, warehouse_id, inventory_type, item_id, lot_number, origin_source, origin_ref_id, quantity_kg, updated_at, region, site_id) VALUES ('INV-d8d53c49', 'WH-4e57ef22', 'INGREDIENT', 'ING-8ae65dd1', 'BATCH-7-2-838859b2', 'PURCHASE', 'BATCH-7-2-838859b2', 1019.789557444816, TO_DATE('2026-01-17 04:00:00', 'YYYY-MM-DD HH24:MI:SS'), 'BAC', 'farm-bac');
INSERT INTO inventory (inventory_id, warehouse_id, inventory_type, item_id, lot_number, origin_source, origin_ref_id, quantity_kg, updated_at, region, site_id) VALUES ('INV-132f1147', 'WH-4e57ef22', 'INGREDIENT', 'ING-8ae65dd1', 'BATCH-8-2-aa02cdf6', 'PURCHASE', 'BATCH-8-2-aa02cdf6', 660.6588735779679, TO_DATE('2026-01-08 04:00:00', 'YYYY-MM-DD HH24:MI:SS'), 'BAC', 'farm-bac');
INSERT INTO inventory (inventory_id, warehouse_id, inventory_type, item_id, lot_number, origin_source, origin_ref_id, quantity_kg, updated_at, region, site_id) VALUES ('INV-b94cf08e', 'WH-4e57ef22', 'INGREDIENT', 'ING-8ae65dd1', 'BATCH-9-1-e0e4908f', 'PURCHASE', 'BATCH-9-1-e0e4908f', 327.5913455944969, TO_DATE('2025-11-27 04:00:00', 'YYYY-MM-DD HH24:MI:SS'), 'BAC', 'farm-bac');
INSERT INTO inventory (inventory_id, warehouse_id, inventory_type, item_id, lot_number, origin_source, origin_ref_id, quantity_kg, updated_at, region, site_id) VALUES ('INV-6364da4b', 'WH-4e57ef22', 'INGREDIENT', 'ING-8ae65dd1', 'BATCH-9-2-e414827c', 'PURCHASE', 'BATCH-9-2-e414827c', 338.53981496801225, TO_DATE('2026-01-29 04:00:00', 'YYYY-MM-DD HH24:MI:SS'), 'BAC', 'farm-bac');
INSERT INTO inventory (inventory_id, warehouse_id, inventory_type, item_id, lot_number, origin_source, origin_ref_id, quantity_kg, updated_at, region, site_id) VALUES ('INV-FG-993873f8', 'WH-703f9528', 'PRODUCT', 'PROD-e51f7af7', 'LOT-fbdd07c7', 'PRODUCTION', 'LOT-fbdd07c7', 59.238785460435246, TO_DATE('2026-03-17 03:12:45', 'YYYY-MM-DD HH24:MI:SS'), 'BAC', 'farm-bac');
INSERT INTO inventory (inventory_id, warehouse_id, inventory_type, item_id, lot_number, origin_source, origin_ref_id, quantity_kg, updated_at, region, site_id) VALUES ('INV-FG-abba21d5', 'WH-703f9528', 'PRODUCT', 'PROD-e51f7af7', 'LOT-0ec40c4b', 'PRODUCTION', 'LOT-0ec40c4b', 149.08732947370038, TO_DATE('2026-03-18 03:12:45', 'YYYY-MM-DD HH24:MI:SS'), 'BAC', 'farm-bac');
INSERT INTO inventory (inventory_id, warehouse_id, inventory_type, item_id, lot_number, origin_source, origin_ref_id, quantity_kg, updated_at, region, site_id) VALUES ('INV-FG-2671a7f7', 'WH-703f9528', 'PRODUCT', 'PROD-e51f7af7', 'LOT-633c4dd7', 'PRODUCTION', 'LOT-633c4dd7', 144.74744392923364, TO_DATE('2026-03-18 03:12:45', 'YYYY-MM-DD HH24:MI:SS'), 'BAC', 'farm-bac');
INSERT INTO inventory (inventory_id, warehouse_id, inventory_type, item_id, lot_number, origin_source, origin_ref_id, quantity_kg, updated_at, region, site_id) VALUES ('INV-FG-4d02bce7', 'WH-703f9528', 'PRODUCT', 'PROD-0cc5e058', 'LOT-5e34792e', 'PRODUCTION', 'LOT-5e34792e', 85.28767886717633, TO_DATE('2026-03-17 03:12:45', 'YYYY-MM-DD HH24:MI:SS'), 'BAC', 'farm-bac');
INSERT INTO inventory (inventory_id, warehouse_id, inventory_type, item_id, lot_number, origin_source, origin_ref_id, quantity_kg, updated_at, region, site_id) VALUES ('INV-FG-a06f6561', 'WH-703f9528', 'PRODUCT', 'PROD-e51f7af7', 'LOT-e10ea337', 'PRODUCTION', 'LOT-e10ea337', 48.963704633215016, TO_DATE('2026-03-18 03:12:45', 'YYYY-MM-DD HH24:MI:SS'), 'BAC', 'farm-bac');
INSERT INTO inventory (inventory_id, warehouse_id, inventory_type, item_id, lot_number, origin_source, origin_ref_id, quantity_kg, updated_at, region, site_id) VALUES ('INV-FG-c960497d', 'WH-703f9528', 'PRODUCT', 'PROD-0cc5e058', 'LOT-a9cd2499', 'PRODUCTION', 'LOT-a9cd2499', 174.94918286284755, TO_DATE('2026-03-19 03:12:45', 'YYYY-MM-DD HH24:MI:SS'), 'BAC', 'farm-bac');
INSERT INTO inventory (inventory_id, warehouse_id, inventory_type, item_id, lot_number, origin_source, origin_ref_id, quantity_kg, updated_at, region, site_id) VALUES ('INV-FG-7df1bc6c', 'WH-703f9528', 'PRODUCT', 'PROD-0cc5e058', 'LOT-6fc2ee3e', 'PRODUCTION', 'LOT-6fc2ee3e', 56.08398941280375, TO_DATE('2026-03-20 03:12:45', 'YYYY-MM-DD HH24:MI:SS'), 'BAC', 'farm-bac');
INSERT INTO inventory (inventory_id, warehouse_id, inventory_type, item_id, lot_number, origin_source, origin_ref_id, quantity_kg, updated_at, region, site_id) VALUES ('INV-FG-298cf75c', 'WH-703f9528', 'PRODUCT', 'PROD-e51f7af7', 'LOT-e3915cea', 'PRODUCTION', 'LOT-e3915cea', 164.85898555494904, TO_DATE('2026-03-17 03:12:45', 'YYYY-MM-DD HH24:MI:SS'), 'BAC', 'farm-bac');
INSERT INTO inventory (inventory_id, warehouse_id, inventory_type, item_id, lot_number, origin_source, origin_ref_id, quantity_kg, updated_at, region, site_id) VALUES ('INV-FG-f704dc80', 'WH-703f9528', 'PRODUCT', 'PROD-e51f7af7', 'LOT-e4fcad11', 'PRODUCTION', 'LOT-e4fcad11', 121.94204507151662, TO_DATE('2026-03-20 03:12:45', 'YYYY-MM-DD HH24:MI:SS'), 'BAC', 'farm-bac');


COMMIT;
