-- Oracle Seed Data Generation for TRUNG
SET DEFINE OFF;
ALTER SESSION SET NLS_DATE_FORMAT = 'YYYY-MM-DD HH24:MI:SS';

-- CLEANUP
DELETE FROM qc_record;
DELETE FROM transport_ticket;
DELETE FROM purchase_ticket;
DELETE FROM weighing_ticket;
DELETE FROM cultivation_log;
DELETE FROM sensor_data;
DELETE FROM inventory;
DELETE FROM production_lot;
DELETE FROM purchase_batch;
DELETE FROM iot_sensor;
DELETE FROM farm_bed;
DELETE FROM purchase_contract;
DELETE FROM farm_plot;
DELETE FROM product;
DELETE FROM ingredient;
DELETE FROM supplier;
DELETE FROM warehouse;
DELETE FROM farm;

-- Data for farm
INSERT INTO farm (farm_id, farm_name, location, region, site_id) VALUES ('FARM-664823b1', 'FARM_SITE_TRUNG', 'Mien Trung', 'TRUNG', 'farm-trung');

-- Data for warehouse
INSERT INTO warehouse (warehouse_id, warehouse_name, location, capacity_ton, region, site_id) VALUES ('WH-913536b9', 'Cold Hub Trung', 'Da Nang Port', 55.0, 'TRUNG', 'farm-trung');
INSERT INTO warehouse (warehouse_id, warehouse_name, location, capacity_ton, region, site_id) VALUES ('WH-808efad8', 'Dry Hub Trung', 'Lien Chieu ICD', 110.0, 'TRUNG', 'farm-trung');

-- Data for supplier
INSERT INTO supplier (supplier_id, supplier_name, supplier_type, phone, address, region, site_id) VALUES ('SUP-06b7b398', 'AgriTech Trung', 'Materials', '0909222001', 'Da Nang', 'TRUNG', 'farm-trung');
INSERT INTO supplier (supplier_id, supplier_name, supplier_type, phone, address, region, site_id) VALUES ('SUP-2119d5c6', 'Green Seeds Trung', 'Seeds', '0909222002', 'Quang Nam', 'TRUNG', 'farm-trung');
INSERT INTO supplier (supplier_id, supplier_name, supplier_type, phone, address, region, site_id) VALUES ('SUP-59084f73', 'BioChem Trung', 'Chemicals', '0909222003', 'Hue', 'TRUNG', 'farm-trung');

-- Data for ingredient
INSERT INTO ingredient (ingredient_id, name, region, site_id) VALUES ('ING-8bc77c46', 'Dragon Fruit Seedlings', 'TRUNG', 'farm-trung');
INSERT INTO ingredient (ingredient_id, name, region, site_id) VALUES ('ING-475d367d', 'Organic Compost', 'TRUNG', 'farm-trung');
INSERT INTO ingredient (ingredient_id, name, region, site_id) VALUES ('ING-fba48445', 'Bio Pesticide Central', 'TRUNG', 'farm-trung');
INSERT INTO ingredient (ingredient_id, name, region, site_id) VALUES ('ING-d633f02e', 'Drip Irrigation Kit', 'TRUNG', 'farm-trung');

-- Data for product
INSERT INTO product (product_id, product_name, ingredient_id, region, site_id) VALUES ('PROD-c54e65ac', 'Fresh Dragon Fruit - Trung', 'ING-8bc77c46', 'TRUNG', 'farm-trung');
INSERT INTO product (product_id, product_name, ingredient_id, region, site_id) VALUES ('PROD-215f8a55', 'Dried Dragon Fruit - Trung', 'ING-8bc77c46', 'TRUNG', 'farm-trung');

-- Data for farm_plot
INSERT INTO farm_plot (plot_id, farm_id, plot_name, crop_type, area_m2, region, site_id) VALUES ('PLOT-A-adb3975f', 'FARM-664823b1', 'Zone A', 'Hydroponic', 500.0, 'TRUNG', 'farm-trung');
INSERT INTO farm_plot (plot_id, farm_id, plot_name, crop_type, area_m2, region, site_id) VALUES ('PLOT-B-7c6a5278', 'FARM-664823b1', 'Zone B', 'Soil', 1000.0, 'TRUNG', 'farm-trung');
INSERT INTO farm_plot (plot_id, farm_id, plot_name, crop_type, area_m2, region, site_id) VALUES ('PLOT-C-fc1a0734', 'FARM-664823b1', 'Zone C', 'Greenhouse', 500.0, 'TRUNG', 'farm-trung');
INSERT INTO farm_plot (plot_id, farm_id, plot_name, crop_type, area_m2, region, site_id) VALUES ('PLOT-D-c4490797', 'FARM-664823b1', 'Zone D', 'Outdoor', 500.0, 'TRUNG', 'farm-trung');

-- Data for farm_bed
INSERT INTO farm_bed (bed_id, plot_id, bed_number, planting_date, status, region, site_id) VALUES ('BED-A1-ea271ff8', 'PLOT-A-adb3975f', 1, TO_DATE('2026-03-12 00:00:00', 'YYYY-MM-DD HH24:MI:SS'), 'Empty', 'TRUNG', 'farm-trung');
INSERT INTO farm_bed (bed_id, plot_id, bed_number, planting_date, status, region, site_id) VALUES ('BED-A2-e1c11f80', 'PLOT-A-adb3975f', 2, TO_DATE('2026-02-17 00:00:00', 'YYYY-MM-DD HH24:MI:SS'), 'Growing', 'TRUNG', 'farm-trung');
INSERT INTO farm_bed (bed_id, plot_id, bed_number, planting_date, status, region, site_id) VALUES ('BED-A3-0b829114', 'PLOT-A-adb3975f', 3, TO_DATE('2026-02-21 00:00:00', 'YYYY-MM-DD HH24:MI:SS'), 'Growing', 'TRUNG', 'farm-trung');
INSERT INTO farm_bed (bed_id, plot_id, bed_number, planting_date, status, region, site_id) VALUES ('BED-A4-be67aa74', 'PLOT-A-adb3975f', 4, TO_DATE('2026-02-01 00:00:00', 'YYYY-MM-DD HH24:MI:SS'), 'Planted', 'TRUNG', 'farm-trung');
INSERT INTO farm_bed (bed_id, plot_id, bed_number, planting_date, status, region, site_id) VALUES ('BED-A5-acd92ccd', 'PLOT-A-adb3975f', 5, TO_DATE('2026-02-24 00:00:00', 'YYYY-MM-DD HH24:MI:SS'), 'Growing', 'TRUNG', 'farm-trung');
INSERT INTO farm_bed (bed_id, plot_id, bed_number, planting_date, status, region, site_id) VALUES ('BED-B1-e9e94982', 'PLOT-B-7c6a5278', 1, TO_DATE('2026-01-31 00:00:00', 'YYYY-MM-DD HH24:MI:SS'), 'Growing', 'TRUNG', 'farm-trung');
INSERT INTO farm_bed (bed_id, plot_id, bed_number, planting_date, status, region, site_id) VALUES ('BED-B2-3b39ae8e', 'PLOT-B-7c6a5278', 2, TO_DATE('2026-02-02 00:00:00', 'YYYY-MM-DD HH24:MI:SS'), 'Planted', 'TRUNG', 'farm-trung');
INSERT INTO farm_bed (bed_id, plot_id, bed_number, planting_date, status, region, site_id) VALUES ('BED-B3-018f996f', 'PLOT-B-7c6a5278', 3, TO_DATE('2026-01-20 00:00:00', 'YYYY-MM-DD HH24:MI:SS'), 'Empty', 'TRUNG', 'farm-trung');
INSERT INTO farm_bed (bed_id, plot_id, bed_number, planting_date, status, region, site_id) VALUES ('BED-B4-b1e2d4a5', 'PLOT-B-7c6a5278', 4, TO_DATE('2026-03-16 00:00:00', 'YYYY-MM-DD HH24:MI:SS'), 'Planted', 'TRUNG', 'farm-trung');
INSERT INTO farm_bed (bed_id, plot_id, bed_number, planting_date, status, region, site_id) VALUES ('BED-B5-50675fb1', 'PLOT-B-7c6a5278', 5, TO_DATE('2026-01-28 00:00:00', 'YYYY-MM-DD HH24:MI:SS'), 'Harvestable', 'TRUNG', 'farm-trung');
INSERT INTO farm_bed (bed_id, plot_id, bed_number, planting_date, status, region, site_id) VALUES ('BED-C1-016ac5c3', 'PLOT-C-fc1a0734', 1, TO_DATE('2026-03-19 00:00:00', 'YYYY-MM-DD HH24:MI:SS'), 'Planted', 'TRUNG', 'farm-trung');
INSERT INTO farm_bed (bed_id, plot_id, bed_number, planting_date, status, region, site_id) VALUES ('BED-C2-78da047f', 'PLOT-C-fc1a0734', 2, TO_DATE('2026-02-16 00:00:00', 'YYYY-MM-DD HH24:MI:SS'), 'Growing', 'TRUNG', 'farm-trung');
INSERT INTO farm_bed (bed_id, plot_id, bed_number, planting_date, status, region, site_id) VALUES ('BED-C3-bed5b996', 'PLOT-C-fc1a0734', 3, TO_DATE('2026-02-17 00:00:00', 'YYYY-MM-DD HH24:MI:SS'), 'Harvestable', 'TRUNG', 'farm-trung');
INSERT INTO farm_bed (bed_id, plot_id, bed_number, planting_date, status, region, site_id) VALUES ('BED-C4-cdb91223', 'PLOT-C-fc1a0734', 4, TO_DATE('2026-01-20 00:00:00', 'YYYY-MM-DD HH24:MI:SS'), 'Empty', 'TRUNG', 'farm-trung');
INSERT INTO farm_bed (bed_id, plot_id, bed_number, planting_date, status, region, site_id) VALUES ('BED-C5-b3458d42', 'PLOT-C-fc1a0734', 5, TO_DATE('2026-03-15 00:00:00', 'YYYY-MM-DD HH24:MI:SS'), 'Growing', 'TRUNG', 'farm-trung');
INSERT INTO farm_bed (bed_id, plot_id, bed_number, planting_date, status, region, site_id) VALUES ('BED-D1-7bab4499', 'PLOT-D-c4490797', 1, TO_DATE('2026-02-20 00:00:00', 'YYYY-MM-DD HH24:MI:SS'), 'Planted', 'TRUNG', 'farm-trung');
INSERT INTO farm_bed (bed_id, plot_id, bed_number, planting_date, status, region, site_id) VALUES ('BED-D2-00972c1f', 'PLOT-D-c4490797', 2, TO_DATE('2026-03-17 00:00:00', 'YYYY-MM-DD HH24:MI:SS'), 'Growing', 'TRUNG', 'farm-trung');
INSERT INTO farm_bed (bed_id, plot_id, bed_number, planting_date, status, region, site_id) VALUES ('BED-D3-ad65fd68', 'PLOT-D-c4490797', 3, TO_DATE('2026-02-02 00:00:00', 'YYYY-MM-DD HH24:MI:SS'), 'Growing', 'TRUNG', 'farm-trung');
INSERT INTO farm_bed (bed_id, plot_id, bed_number, planting_date, status, region, site_id) VALUES ('BED-D4-87e95a6a', 'PLOT-D-c4490797', 4, TO_DATE('2026-02-11 00:00:00', 'YYYY-MM-DD HH24:MI:SS'), 'Growing', 'TRUNG', 'farm-trung');
INSERT INTO farm_bed (bed_id, plot_id, bed_number, planting_date, status, region, site_id) VALUES ('BED-D5-6de4dcf7', 'PLOT-D-c4490797', 5, TO_DATE('2026-03-05 00:00:00', 'YYYY-MM-DD HH24:MI:SS'), 'Planted', 'TRUNG', 'farm-trung');

-- Data for iot_sensor
INSERT INTO iot_sensor (sensor_id, plot_id, sensor_type, manufacturer, status, installed_at, region, site_id) VALUES ('SENS-A-d47ed379', 'PLOT-A-adb3975f', 'Multi-Environment', 'Xiaomi', 'Online', TO_DATE('2025-12-11 22:12:45', 'YYYY-MM-DD HH24:MI:SS'), 'TRUNG', 'farm-trung');
INSERT INTO iot_sensor (sensor_id, plot_id, sensor_type, manufacturer, status, installed_at, region, site_id) VALUES ('SENS-B-ea9f831d', 'PLOT-B-7c6a5278', 'Multi-Environment', 'Xiaomi', 'Online', TO_DATE('2025-12-11 22:12:45', 'YYYY-MM-DD HH24:MI:SS'), 'TRUNG', 'farm-trung');
INSERT INTO iot_sensor (sensor_id, plot_id, sensor_type, manufacturer, status, installed_at, region, site_id) VALUES ('SENS-C-53fab71a', 'PLOT-C-fc1a0734', 'Multi-Environment', 'Xiaomi', 'Online', TO_DATE('2025-12-11 22:12:45', 'YYYY-MM-DD HH24:MI:SS'), 'TRUNG', 'farm-trung');
INSERT INTO iot_sensor (sensor_id, plot_id, sensor_type, manufacturer, status, installed_at, region, site_id) VALUES ('SENS-D-e7067572', 'PLOT-D-c4490797', 'Multi-Environment', 'Xiaomi', 'Online', TO_DATE('2025-12-11 22:12:45', 'YYYY-MM-DD HH24:MI:SS'), 'TRUNG', 'farm-trung');

-- Data for cultivation_log
INSERT INTO cultivation_log (log_id, bed_id, action, performed_by, notes, timestamp, region, site_id) VALUES ('LOG-a45c4481', 'BED-A2-e1c11f80', 'Pruning', 'Tran Van C', 'Periodic Maintenance', TO_DATE('2026-03-04 22:12:45', 'YYYY-MM-DD HH24:MI:SS'), 'TRUNG', 'farm-trung');
INSERT INTO cultivation_log (log_id, bed_id, action, performed_by, notes, timestamp, region, site_id) VALUES ('LOG-b7932825', 'BED-A2-e1c11f80', 'Pruning', 'Le Thi B', 'Periodic Maintenance', TO_DATE('2026-03-14 22:12:45', 'YYYY-MM-DD HH24:MI:SS'), 'TRUNG', 'farm-trung');
INSERT INTO cultivation_log (log_id, bed_id, action, performed_by, notes, timestamp, region, site_id) VALUES ('LOG-0f156378', 'BED-A2-e1c11f80', 'Pruning', 'Pham Thi D', 'Periodic Maintenance', TO_DATE('2026-03-08 22:12:45', 'YYYY-MM-DD HH24:MI:SS'), 'TRUNG', 'farm-trung');
INSERT INTO cultivation_log (log_id, bed_id, action, performed_by, notes, timestamp, region, site_id) VALUES ('LOG-3a326d69', 'BED-A2-e1c11f80', 'Pruning', 'Tran Van C', 'Periodic Maintenance', TO_DATE('2026-02-25 22:12:45', 'YYYY-MM-DD HH24:MI:SS'), 'TRUNG', 'farm-trung');
INSERT INTO cultivation_log (log_id, bed_id, action, performed_by, notes, timestamp, region, site_id) VALUES ('LOG-4ac1dd1e', 'BED-A3-0b829114', 'Fertilizing', 'Hoang Van E', 'Periodic Maintenance', TO_DATE('2026-03-12 22:12:45', 'YYYY-MM-DD HH24:MI:SS'), 'TRUNG', 'farm-trung');
INSERT INTO cultivation_log (log_id, bed_id, action, performed_by, notes, timestamp, region, site_id) VALUES ('LOG-e67df678', 'BED-A3-0b829114', 'Pruning', 'Tran Van C', 'Periodic Maintenance', TO_DATE('2026-03-08 22:12:45', 'YYYY-MM-DD HH24:MI:SS'), 'TRUNG', 'farm-trung');
INSERT INTO cultivation_log (log_id, bed_id, action, performed_by, notes, timestamp, region, site_id) VALUES ('LOG-c3e497c1', 'BED-A3-0b829114', 'Watering', 'Nguyen Van A', 'Periodic Maintenance', TO_DATE('2026-03-02 22:12:45', 'YYYY-MM-DD HH24:MI:SS'), 'TRUNG', 'farm-trung');
INSERT INTO cultivation_log (log_id, bed_id, action, performed_by, notes, timestamp, region, site_id) VALUES ('LOG-b957842b', 'BED-A4-be67aa74', 'Pruning', 'Pham Thi D', 'Periodic Maintenance', TO_DATE('2026-03-13 22:12:45', 'YYYY-MM-DD HH24:MI:SS'), 'TRUNG', 'farm-trung');
INSERT INTO cultivation_log (log_id, bed_id, action, performed_by, notes, timestamp, region, site_id) VALUES ('LOG-36c5ee96', 'BED-A4-be67aa74', 'Pest Control', 'Pham Thi D', 'Periodic Maintenance', TO_DATE('2026-03-05 22:12:45', 'YYYY-MM-DD HH24:MI:SS'), 'TRUNG', 'farm-trung');
INSERT INTO cultivation_log (log_id, bed_id, action, performed_by, notes, timestamp, region, site_id) VALUES ('LOG-2045d8bf', 'BED-A4-be67aa74', 'Fertilizing', 'Hoang Van E', 'Periodic Maintenance', TO_DATE('2026-03-08 22:12:45', 'YYYY-MM-DD HH24:MI:SS'), 'TRUNG', 'farm-trung');
INSERT INTO cultivation_log (log_id, bed_id, action, performed_by, notes, timestamp, region, site_id) VALUES ('LOG-e02a186c', 'BED-A4-be67aa74', 'Pruning', 'Hoang Van E', 'Periodic Maintenance', TO_DATE('2026-02-26 22:12:45', 'YYYY-MM-DD HH24:MI:SS'), 'TRUNG', 'farm-trung');
INSERT INTO cultivation_log (log_id, bed_id, action, performed_by, notes, timestamp, region, site_id) VALUES ('LOG-d9640626', 'BED-A5-acd92ccd', 'Watering', 'Le Thi B', 'Periodic Maintenance', TO_DATE('2026-02-22 22:12:45', 'YYYY-MM-DD HH24:MI:SS'), 'TRUNG', 'farm-trung');
INSERT INTO cultivation_log (log_id, bed_id, action, performed_by, notes, timestamp, region, site_id) VALUES ('LOG-d3cddda7', 'BED-B1-e9e94982', 'Pest Control', 'Nguyen Van A', 'Periodic Maintenance', TO_DATE('2026-03-08 22:12:45', 'YYYY-MM-DD HH24:MI:SS'), 'TRUNG', 'farm-trung');
INSERT INTO cultivation_log (log_id, bed_id, action, performed_by, notes, timestamp, region, site_id) VALUES ('LOG-6c6cc6ac', 'BED-B1-e9e94982', 'Fertilizing', 'Nguyen Van A', 'Periodic Maintenance', TO_DATE('2026-03-19 22:12:45', 'YYYY-MM-DD HH24:MI:SS'), 'TRUNG', 'farm-trung');
INSERT INTO cultivation_log (log_id, bed_id, action, performed_by, notes, timestamp, region, site_id) VALUES ('LOG-7a132adc', 'BED-B1-e9e94982', 'Pest Control', 'Le Thi B', 'Periodic Maintenance', TO_DATE('2026-03-21 22:12:45', 'YYYY-MM-DD HH24:MI:SS'), 'TRUNG', 'farm-trung');
INSERT INTO cultivation_log (log_id, bed_id, action, performed_by, notes, timestamp, region, site_id) VALUES ('LOG-58642448', 'BED-B2-3b39ae8e', 'Pest Control', 'Le Thi B', 'Periodic Maintenance', TO_DATE('2026-03-01 22:12:45', 'YYYY-MM-DD HH24:MI:SS'), 'TRUNG', 'farm-trung');
INSERT INTO cultivation_log (log_id, bed_id, action, performed_by, notes, timestamp, region, site_id) VALUES ('LOG-695b7332', 'BED-B4-b1e2d4a5', 'Fertilizing', 'Tran Van C', 'Periodic Maintenance', TO_DATE('2026-03-10 22:12:45', 'YYYY-MM-DD HH24:MI:SS'), 'TRUNG', 'farm-trung');
INSERT INTO cultivation_log (log_id, bed_id, action, performed_by, notes, timestamp, region, site_id) VALUES ('LOG-f64f8fc7', 'BED-B5-50675fb1', 'Watering', 'Hoang Van E', 'Periodic Maintenance', TO_DATE('2026-02-26 22:12:45', 'YYYY-MM-DD HH24:MI:SS'), 'TRUNG', 'farm-trung');
INSERT INTO cultivation_log (log_id, bed_id, action, performed_by, notes, timestamp, region, site_id) VALUES ('LOG-0e5e96a7', 'BED-C1-016ac5c3', 'Pest Control', 'Pham Thi D', 'Periodic Maintenance', TO_DATE('2026-03-20 22:12:45', 'YYYY-MM-DD HH24:MI:SS'), 'TRUNG', 'farm-trung');
INSERT INTO cultivation_log (log_id, bed_id, action, performed_by, notes, timestamp, region, site_id) VALUES ('LOG-5901a0a9', 'BED-C1-016ac5c3', 'Fertilizing', 'Nguyen Van A', 'Periodic Maintenance', TO_DATE('2026-03-17 22:12:45', 'YYYY-MM-DD HH24:MI:SS'), 'TRUNG', 'farm-trung');
INSERT INTO cultivation_log (log_id, bed_id, action, performed_by, notes, timestamp, region, site_id) VALUES ('LOG-48a90419', 'BED-C2-78da047f', 'Pruning', 'Pham Thi D', 'Periodic Maintenance', TO_DATE('2026-03-03 22:12:45', 'YYYY-MM-DD HH24:MI:SS'), 'TRUNG', 'farm-trung');
INSERT INTO cultivation_log (log_id, bed_id, action, performed_by, notes, timestamp, region, site_id) VALUES ('LOG-6bf28748', 'BED-C2-78da047f', 'Watering', 'Hoang Van E', 'Periodic Maintenance', TO_DATE('2026-03-20 22:12:45', 'YYYY-MM-DD HH24:MI:SS'), 'TRUNG', 'farm-trung');
INSERT INTO cultivation_log (log_id, bed_id, action, performed_by, notes, timestamp, region, site_id) VALUES ('LOG-da7f05d8', 'BED-C2-78da047f', 'Pruning', 'Hoang Van E', 'Periodic Maintenance', TO_DATE('2026-03-09 22:12:45', 'YYYY-MM-DD HH24:MI:SS'), 'TRUNG', 'farm-trung');
INSERT INTO cultivation_log (log_id, bed_id, action, performed_by, notes, timestamp, region, site_id) VALUES ('LOG-a40dfb27', 'BED-C3-bed5b996', 'Pest Control', 'Hoang Van E', 'Periodic Maintenance', TO_DATE('2026-03-16 22:12:45', 'YYYY-MM-DD HH24:MI:SS'), 'TRUNG', 'farm-trung');
INSERT INTO cultivation_log (log_id, bed_id, action, performed_by, notes, timestamp, region, site_id) VALUES ('LOG-42735b47', 'BED-C5-b3458d42', 'Pest Control', 'Le Thi B', 'Periodic Maintenance', TO_DATE('2026-03-01 22:12:45', 'YYYY-MM-DD HH24:MI:SS'), 'TRUNG', 'farm-trung');
INSERT INTO cultivation_log (log_id, bed_id, action, performed_by, notes, timestamp, region, site_id) VALUES ('LOG-1db6703a', 'BED-D1-7bab4499', 'Watering', 'Le Thi B', 'Periodic Maintenance', TO_DATE('2026-02-27 22:12:45', 'YYYY-MM-DD HH24:MI:SS'), 'TRUNG', 'farm-trung');
INSERT INTO cultivation_log (log_id, bed_id, action, performed_by, notes, timestamp, region, site_id) VALUES ('LOG-7a47225c', 'BED-D1-7bab4499', 'Pruning', 'Tran Van C', 'Periodic Maintenance', TO_DATE('2026-03-02 22:12:45', 'YYYY-MM-DD HH24:MI:SS'), 'TRUNG', 'farm-trung');
INSERT INTO cultivation_log (log_id, bed_id, action, performed_by, notes, timestamp, region, site_id) VALUES ('LOG-9ece38d1', 'BED-D2-00972c1f', 'Fertilizing', 'Hoang Van E', 'Periodic Maintenance', TO_DATE('2026-03-02 22:12:45', 'YYYY-MM-DD HH24:MI:SS'), 'TRUNG', 'farm-trung');
INSERT INTO cultivation_log (log_id, bed_id, action, performed_by, notes, timestamp, region, site_id) VALUES ('LOG-249d6137', 'BED-D2-00972c1f', 'Pest Control', 'Pham Thi D', 'Periodic Maintenance', TO_DATE('2026-02-19 22:12:45', 'YYYY-MM-DD HH24:MI:SS'), 'TRUNG', 'farm-trung');
INSERT INTO cultivation_log (log_id, bed_id, action, performed_by, notes, timestamp, region, site_id) VALUES ('LOG-018140fc', 'BED-D2-00972c1f', 'Fertilizing', 'Le Thi B', 'Periodic Maintenance', TO_DATE('2026-02-25 22:12:45', 'YYYY-MM-DD HH24:MI:SS'), 'TRUNG', 'farm-trung');
INSERT INTO cultivation_log (log_id, bed_id, action, performed_by, notes, timestamp, region, site_id) VALUES ('LOG-55785e61', 'BED-D2-00972c1f', 'Pest Control', 'Le Thi B', 'Periodic Maintenance', TO_DATE('2026-03-19 22:12:45', 'YYYY-MM-DD HH24:MI:SS'), 'TRUNG', 'farm-trung');
INSERT INTO cultivation_log (log_id, bed_id, action, performed_by, notes, timestamp, region, site_id) VALUES ('LOG-1c08066c', 'BED-D3-ad65fd68', 'Watering', 'Pham Thi D', 'Periodic Maintenance', TO_DATE('2026-02-23 22:12:45', 'YYYY-MM-DD HH24:MI:SS'), 'TRUNG', 'farm-trung');
INSERT INTO cultivation_log (log_id, bed_id, action, performed_by, notes, timestamp, region, site_id) VALUES ('LOG-2592d008', 'BED-D3-ad65fd68', 'Pest Control', 'Nguyen Van A', 'Periodic Maintenance', TO_DATE('2026-02-19 22:12:45', 'YYYY-MM-DD HH24:MI:SS'), 'TRUNG', 'farm-trung');
INSERT INTO cultivation_log (log_id, bed_id, action, performed_by, notes, timestamp, region, site_id) VALUES ('LOG-3782e4e0', 'BED-D3-ad65fd68', 'Fertilizing', 'Tran Van C', 'Periodic Maintenance', TO_DATE('2026-03-04 22:12:45', 'YYYY-MM-DD HH24:MI:SS'), 'TRUNG', 'farm-trung');
INSERT INTO cultivation_log (log_id, bed_id, action, performed_by, notes, timestamp, region, site_id) VALUES ('LOG-a6710c3a', 'BED-D4-87e95a6a', 'Fertilizing', 'Hoang Van E', 'Periodic Maintenance', TO_DATE('2026-02-21 22:12:45', 'YYYY-MM-DD HH24:MI:SS'), 'TRUNG', 'farm-trung');
INSERT INTO cultivation_log (log_id, bed_id, action, performed_by, notes, timestamp, region, site_id) VALUES ('LOG-66c025a3', 'BED-D4-87e95a6a', 'Pruning', 'Tran Van C', 'Periodic Maintenance', TO_DATE('2026-03-09 22:12:45', 'YYYY-MM-DD HH24:MI:SS'), 'TRUNG', 'farm-trung');
INSERT INTO cultivation_log (log_id, bed_id, action, performed_by, notes, timestamp, region, site_id) VALUES ('LOG-3f493682', 'BED-D5-6de4dcf7', 'Pruning', 'Hoang Van E', 'Periodic Maintenance', TO_DATE('2026-03-05 22:12:45', 'YYYY-MM-DD HH24:MI:SS'), 'TRUNG', 'farm-trung');
INSERT INTO cultivation_log (log_id, bed_id, action, performed_by, notes, timestamp, region, site_id) VALUES ('LOG-f71d96e2', 'BED-D5-6de4dcf7', 'Pest Control', 'Nguyen Van A', 'Periodic Maintenance', TO_DATE('2026-03-03 22:12:45', 'YYYY-MM-DD HH24:MI:SS'), 'TRUNG', 'farm-trung');
INSERT INTO cultivation_log (log_id, bed_id, action, performed_by, notes, timestamp, region, site_id) VALUES ('LOG-d19ea382', 'BED-D5-6de4dcf7', 'Watering', 'Hoang Van E', 'Periodic Maintenance', TO_DATE('2026-03-10 22:12:45', 'YYYY-MM-DD HH24:MI:SS'), 'TRUNG', 'farm-trung');

-- Data for sensor_data
INSERT INTO sensor_data (data_id, sensor_id, temperature, humidity, soil_moisture, light_intensity, recorded_at, region, site_id) VALUES ('DATA-1d5bc54b', 'SENS-A-d47ed379', 31.8, 52.7, 72.1, 1975.2, TO_DATE('2026-03-21 22:12:45', 'YYYY-MM-DD HH24:MI:SS'), 'TRUNG', 'farm-trung');
INSERT INTO sensor_data (data_id, sensor_id, temperature, humidity, soil_moisture, light_intensity, recorded_at, region, site_id) VALUES ('DATA-672dc73d', 'SENS-A-d47ed379', 22.5, 88.2, 70.8, 2230.4, TO_DATE('2026-03-21 20:12:45', 'YYYY-MM-DD HH24:MI:SS'), 'TRUNG', 'farm-trung');
INSERT INTO sensor_data (data_id, sensor_id, temperature, humidity, soil_moisture, light_intensity, recorded_at, region, site_id) VALUES ('DATA-b38ba426', 'SENS-A-d47ed379', 26.7, 86.8, 33.0, 2328.0, TO_DATE('2026-03-21 18:12:45', 'YYYY-MM-DD HH24:MI:SS'), 'TRUNG', 'farm-trung');
INSERT INTO sensor_data (data_id, sensor_id, temperature, humidity, soil_moisture, light_intensity, recorded_at, region, site_id) VALUES ('DATA-f5a731fb', 'SENS-A-d47ed379', 22.7, 64.2, 59.7, 4338.5, TO_DATE('2026-03-21 16:12:45', 'YYYY-MM-DD HH24:MI:SS'), 'TRUNG', 'farm-trung');
INSERT INTO sensor_data (data_id, sensor_id, temperature, humidity, soil_moisture, light_intensity, recorded_at, region, site_id) VALUES ('DATA-801f87a9', 'SENS-A-d47ed379', 21.6, 55.8, 52.2, 4030.1, TO_DATE('2026-03-21 14:12:45', 'YYYY-MM-DD HH24:MI:SS'), 'TRUNG', 'farm-trung');
INSERT INTO sensor_data (data_id, sensor_id, temperature, humidity, soil_moisture, light_intensity, recorded_at, region, site_id) VALUES ('DATA-daa676a2', 'SENS-A-d47ed379', 21.5, 50.7, 61.0, 1345.2, TO_DATE('2026-03-21 12:12:45', 'YYYY-MM-DD HH24:MI:SS'), 'TRUNG', 'farm-trung');
INSERT INTO sensor_data (data_id, sensor_id, temperature, humidity, soil_moisture, light_intensity, recorded_at, region, site_id) VALUES ('DATA-dbc1f045', 'SENS-A-d47ed379', 28.1, 68.0, 43.4, 4240.3, TO_DATE('2026-03-21 10:12:45', 'YYYY-MM-DD HH24:MI:SS'), 'TRUNG', 'farm-trung');
INSERT INTO sensor_data (data_id, sensor_id, temperature, humidity, soil_moisture, light_intensity, recorded_at, region, site_id) VALUES ('DATA-fe57c765', 'SENS-A-d47ed379', 20.8, 51.7, 58.7, 4866.7, TO_DATE('2026-03-21 08:12:45', 'YYYY-MM-DD HH24:MI:SS'), 'TRUNG', 'farm-trung');
INSERT INTO sensor_data (data_id, sensor_id, temperature, humidity, soil_moisture, light_intensity, recorded_at, region, site_id) VALUES ('DATA-e109a85a', 'SENS-A-d47ed379', 27.3, 53.4, 30.9, 4703.9, TO_DATE('2026-03-21 06:12:45', 'YYYY-MM-DD HH24:MI:SS'), 'TRUNG', 'farm-trung');
INSERT INTO sensor_data (data_id, sensor_id, temperature, humidity, soil_moisture, light_intensity, recorded_at, region, site_id) VALUES ('DATA-164297e8', 'SENS-A-d47ed379', 21.7, 85.6, 79.7, 2365.0, TO_DATE('2026-03-21 04:12:45', 'YYYY-MM-DD HH24:MI:SS'), 'TRUNG', 'farm-trung');
INSERT INTO sensor_data (data_id, sensor_id, temperature, humidity, soil_moisture, light_intensity, recorded_at, region, site_id) VALUES ('DATA-6cd5f189', 'SENS-B-ea9f831d', 26.1, 68.9, 44.4, 2181.5, TO_DATE('2026-03-21 22:12:45', 'YYYY-MM-DD HH24:MI:SS'), 'TRUNG', 'farm-trung');
INSERT INTO sensor_data (data_id, sensor_id, temperature, humidity, soil_moisture, light_intensity, recorded_at, region, site_id) VALUES ('DATA-43263b97', 'SENS-B-ea9f831d', 26.9, 83.6, 41.4, 2019.4, TO_DATE('2026-03-21 20:12:45', 'YYYY-MM-DD HH24:MI:SS'), 'TRUNG', 'farm-trung');
INSERT INTO sensor_data (data_id, sensor_id, temperature, humidity, soil_moisture, light_intensity, recorded_at, region, site_id) VALUES ('DATA-fff13ca3', 'SENS-B-ea9f831d', 22.3, 68.6, 70.3, 1157.4, TO_DATE('2026-03-21 18:12:45', 'YYYY-MM-DD HH24:MI:SS'), 'TRUNG', 'farm-trung');
INSERT INTO sensor_data (data_id, sensor_id, temperature, humidity, soil_moisture, light_intensity, recorded_at, region, site_id) VALUES ('DATA-223cf809', 'SENS-B-ea9f831d', 28.6, 86.7, 50.3, 2995.6, TO_DATE('2026-03-21 16:12:45', 'YYYY-MM-DD HH24:MI:SS'), 'TRUNG', 'farm-trung');
INSERT INTO sensor_data (data_id, sensor_id, temperature, humidity, soil_moisture, light_intensity, recorded_at, region, site_id) VALUES ('DATA-4427f5bb', 'SENS-B-ea9f831d', 24.3, 76.5, 76.3, 1104.1, TO_DATE('2026-03-21 14:12:45', 'YYYY-MM-DD HH24:MI:SS'), 'TRUNG', 'farm-trung');
INSERT INTO sensor_data (data_id, sensor_id, temperature, humidity, soil_moisture, light_intensity, recorded_at, region, site_id) VALUES ('DATA-bc7f5875', 'SENS-B-ea9f831d', 20.8, 75.8, 59.4, 3808.7, TO_DATE('2026-03-21 12:12:45', 'YYYY-MM-DD HH24:MI:SS'), 'TRUNG', 'farm-trung');
INSERT INTO sensor_data (data_id, sensor_id, temperature, humidity, soil_moisture, light_intensity, recorded_at, region, site_id) VALUES ('DATA-c22f3c30', 'SENS-B-ea9f831d', 25.7, 73.3, 76.5, 3386.3, TO_DATE('2026-03-21 10:12:45', 'YYYY-MM-DD HH24:MI:SS'), 'TRUNG', 'farm-trung');
INSERT INTO sensor_data (data_id, sensor_id, temperature, humidity, soil_moisture, light_intensity, recorded_at, region, site_id) VALUES ('DATA-4cea95f2', 'SENS-B-ea9f831d', 29.9, 69.6, 45.6, 1854.3, TO_DATE('2026-03-21 08:12:45', 'YYYY-MM-DD HH24:MI:SS'), 'TRUNG', 'farm-trung');
INSERT INTO sensor_data (data_id, sensor_id, temperature, humidity, soil_moisture, light_intensity, recorded_at, region, site_id) VALUES ('DATA-dc052db4', 'SENS-B-ea9f831d', 34.2, 64.8, 59.1, 2036.6, TO_DATE('2026-03-21 06:12:45', 'YYYY-MM-DD HH24:MI:SS'), 'TRUNG', 'farm-trung');
INSERT INTO sensor_data (data_id, sensor_id, temperature, humidity, soil_moisture, light_intensity, recorded_at, region, site_id) VALUES ('DATA-5d6e8ac3', 'SENS-B-ea9f831d', 31.2, 65.6, 65.5, 1396.3, TO_DATE('2026-03-21 04:12:45', 'YYYY-MM-DD HH24:MI:SS'), 'TRUNG', 'farm-trung');
INSERT INTO sensor_data (data_id, sensor_id, temperature, humidity, soil_moisture, light_intensity, recorded_at, region, site_id) VALUES ('DATA-feea91a2', 'SENS-C-53fab71a', 20.4, 57.8, 64.9, 1807.2, TO_DATE('2026-03-21 22:12:45', 'YYYY-MM-DD HH24:MI:SS'), 'TRUNG', 'farm-trung');
INSERT INTO sensor_data (data_id, sensor_id, temperature, humidity, soil_moisture, light_intensity, recorded_at, region, site_id) VALUES ('DATA-836890e1', 'SENS-C-53fab71a', 25.0, 79.6, 46.1, 1635.3, TO_DATE('2026-03-21 20:12:45', 'YYYY-MM-DD HH24:MI:SS'), 'TRUNG', 'farm-trung');
INSERT INTO sensor_data (data_id, sensor_id, temperature, humidity, soil_moisture, light_intensity, recorded_at, region, site_id) VALUES ('DATA-8bb24da5', 'SENS-C-53fab71a', 25.0, 51.6, 33.1, 1785.5, TO_DATE('2026-03-21 18:12:45', 'YYYY-MM-DD HH24:MI:SS'), 'TRUNG', 'farm-trung');
INSERT INTO sensor_data (data_id, sensor_id, temperature, humidity, soil_moisture, light_intensity, recorded_at, region, site_id) VALUES ('DATA-d7e84a8e', 'SENS-C-53fab71a', 33.6, 61.3, 45.6, 2602.8, TO_DATE('2026-03-21 16:12:45', 'YYYY-MM-DD HH24:MI:SS'), 'TRUNG', 'farm-trung');
INSERT INTO sensor_data (data_id, sensor_id, temperature, humidity, soil_moisture, light_intensity, recorded_at, region, site_id) VALUES ('DATA-6f3340af', 'SENS-C-53fab71a', 27.0, 68.7, 46.3, 1291.4, TO_DATE('2026-03-21 14:12:45', 'YYYY-MM-DD HH24:MI:SS'), 'TRUNG', 'farm-trung');
INSERT INTO sensor_data (data_id, sensor_id, temperature, humidity, soil_moisture, light_intensity, recorded_at, region, site_id) VALUES ('DATA-d8ecf67e', 'SENS-C-53fab71a', 34.3, 79.4, 79.0, 4227.0, TO_DATE('2026-03-21 12:12:45', 'YYYY-MM-DD HH24:MI:SS'), 'TRUNG', 'farm-trung');
INSERT INTO sensor_data (data_id, sensor_id, temperature, humidity, soil_moisture, light_intensity, recorded_at, region, site_id) VALUES ('DATA-a89ea6dc', 'SENS-C-53fab71a', 26.8, 67.4, 36.8, 1707.1, TO_DATE('2026-03-21 10:12:45', 'YYYY-MM-DD HH24:MI:SS'), 'TRUNG', 'farm-trung');
INSERT INTO sensor_data (data_id, sensor_id, temperature, humidity, soil_moisture, light_intensity, recorded_at, region, site_id) VALUES ('DATA-aa5e7663', 'SENS-C-53fab71a', 23.2, 60.3, 40.6, 3234.3, TO_DATE('2026-03-21 08:12:45', 'YYYY-MM-DD HH24:MI:SS'), 'TRUNG', 'farm-trung');
INSERT INTO sensor_data (data_id, sensor_id, temperature, humidity, soil_moisture, light_intensity, recorded_at, region, site_id) VALUES ('DATA-1652a1c9', 'SENS-C-53fab71a', 21.4, 84.4, 47.3, 3083.8, TO_DATE('2026-03-21 06:12:45', 'YYYY-MM-DD HH24:MI:SS'), 'TRUNG', 'farm-trung');
INSERT INTO sensor_data (data_id, sensor_id, temperature, humidity, soil_moisture, light_intensity, recorded_at, region, site_id) VALUES ('DATA-778335a3', 'SENS-C-53fab71a', 32.1, 80.0, 54.7, 4603.5, TO_DATE('2026-03-21 04:12:45', 'YYYY-MM-DD HH24:MI:SS'), 'TRUNG', 'farm-trung');
INSERT INTO sensor_data (data_id, sensor_id, temperature, humidity, soil_moisture, light_intensity, recorded_at, region, site_id) VALUES ('DATA-1dc772d0', 'SENS-D-e7067572', 33.0, 74.8, 54.8, 1570.7, TO_DATE('2026-03-21 22:12:45', 'YYYY-MM-DD HH24:MI:SS'), 'TRUNG', 'farm-trung');
INSERT INTO sensor_data (data_id, sensor_id, temperature, humidity, soil_moisture, light_intensity, recorded_at, region, site_id) VALUES ('DATA-5f591b6b', 'SENS-D-e7067572', 31.8, 72.0, 77.3, 4962.0, TO_DATE('2026-03-21 20:12:45', 'YYYY-MM-DD HH24:MI:SS'), 'TRUNG', 'farm-trung');
INSERT INTO sensor_data (data_id, sensor_id, temperature, humidity, soil_moisture, light_intensity, recorded_at, region, site_id) VALUES ('DATA-f46753cc', 'SENS-D-e7067572', 28.2, 79.4, 55.6, 2555.7, TO_DATE('2026-03-21 18:12:45', 'YYYY-MM-DD HH24:MI:SS'), 'TRUNG', 'farm-trung');
INSERT INTO sensor_data (data_id, sensor_id, temperature, humidity, soil_moisture, light_intensity, recorded_at, region, site_id) VALUES ('DATA-8ba51275', 'SENS-D-e7067572', 22.4, 79.4, 75.7, 1148.9, TO_DATE('2026-03-21 16:12:45', 'YYYY-MM-DD HH24:MI:SS'), 'TRUNG', 'farm-trung');
INSERT INTO sensor_data (data_id, sensor_id, temperature, humidity, soil_moisture, light_intensity, recorded_at, region, site_id) VALUES ('DATA-3aea5660', 'SENS-D-e7067572', 20.3, 59.6, 55.6, 4013.5, TO_DATE('2026-03-21 14:12:45', 'YYYY-MM-DD HH24:MI:SS'), 'TRUNG', 'farm-trung');
INSERT INTO sensor_data (data_id, sensor_id, temperature, humidity, soil_moisture, light_intensity, recorded_at, region, site_id) VALUES ('DATA-33de5f58', 'SENS-D-e7067572', 32.8, 66.5, 49.0, 1380.2, TO_DATE('2026-03-21 12:12:45', 'YYYY-MM-DD HH24:MI:SS'), 'TRUNG', 'farm-trung');
INSERT INTO sensor_data (data_id, sensor_id, temperature, humidity, soil_moisture, light_intensity, recorded_at, region, site_id) VALUES ('DATA-ffa6da9b', 'SENS-D-e7067572', 32.8, 80.1, 58.0, 1766.3, TO_DATE('2026-03-21 10:12:45', 'YYYY-MM-DD HH24:MI:SS'), 'TRUNG', 'farm-trung');
INSERT INTO sensor_data (data_id, sensor_id, temperature, humidity, soil_moisture, light_intensity, recorded_at, region, site_id) VALUES ('DATA-36caf47c', 'SENS-D-e7067572', 21.0, 85.4, 50.8, 1808.0, TO_DATE('2026-03-21 08:12:45', 'YYYY-MM-DD HH24:MI:SS'), 'TRUNG', 'farm-trung');
INSERT INTO sensor_data (data_id, sensor_id, temperature, humidity, soil_moisture, light_intensity, recorded_at, region, site_id) VALUES ('DATA-ee4f9b97', 'SENS-D-e7067572', 23.8, 55.5, 54.3, 4857.8, TO_DATE('2026-03-21 06:12:45', 'YYYY-MM-DD HH24:MI:SS'), 'TRUNG', 'farm-trung');
INSERT INTO sensor_data (data_id, sensor_id, temperature, humidity, soil_moisture, light_intensity, recorded_at, region, site_id) VALUES ('DATA-07899588', 'SENS-D-e7067572', 26.9, 68.8, 78.2, 3890.5, TO_DATE('2026-03-21 04:12:45', 'YYYY-MM-DD HH24:MI:SS'), 'TRUNG', 'farm-trung');

-- Data for purchase_contract
INSERT INTO purchase_contract (contract_id, supplier_id, ingredient_id, committed_quantity, contract_price, quality_commitment, start_date, end_date, status, region, site_id) VALUES ('CTR-1-963ea332', 'SUP-2119d5c6', 'ING-8bc77c46', 500.0, 77000000.0, 'Grade A Standard', TO_DATE('2025-11-23 00:00:00', 'YYYY-MM-DD HH24:MI:SS'), TO_DATE('2026-11-23 00:00:00', 'YYYY-MM-DD HH24:MI:SS'), 'Active', 'TRUNG', 'farm-trung');
INSERT INTO purchase_contract (contract_id, supplier_id, ingredient_id, committed_quantity, contract_price, quality_commitment, start_date, end_date, status, region, site_id) VALUES ('CTR-2-69b881c6', 'SUP-59084f73', 'ING-475d367d', 1000.0, 41000000.0, 'Grade A Standard', TO_DATE('2025-10-26 00:00:00', 'YYYY-MM-DD HH24:MI:SS'), TO_DATE('2026-10-26 00:00:00', 'YYYY-MM-DD HH24:MI:SS'), 'Active', 'TRUNG', 'farm-trung');
INSERT INTO purchase_contract (contract_id, supplier_id, ingredient_id, committed_quantity, contract_price, quality_commitment, start_date, end_date, status, region, site_id) VALUES ('CTR-3-1fe5c2bb', 'SUP-06b7b398', 'ING-fba48445', 5000.0, 14000000.0, 'Grade A Standard', TO_DATE('2026-02-16 00:00:00', 'YYYY-MM-DD HH24:MI:SS'), TO_DATE('2027-02-16 00:00:00', 'YYYY-MM-DD HH24:MI:SS'), 'Active', 'TRUNG', 'farm-trung');
INSERT INTO purchase_contract (contract_id, supplier_id, ingredient_id, committed_quantity, contract_price, quality_commitment, start_date, end_date, status, region, site_id) VALUES ('CTR-4-18ae0845', 'SUP-06b7b398', 'ING-fba48445', 5000.0, 83000000.0, 'Grade A Standard', TO_DATE('2025-10-04 00:00:00', 'YYYY-MM-DD HH24:MI:SS'), TO_DATE('2026-10-04 00:00:00', 'YYYY-MM-DD HH24:MI:SS'), 'Active', 'TRUNG', 'farm-trung');
INSERT INTO purchase_contract (contract_id, supplier_id, ingredient_id, committed_quantity, contract_price, quality_commitment, start_date, end_date, status, region, site_id) VALUES ('CTR-5-03ac4666', 'SUP-2119d5c6', 'ING-d633f02e', 500.0, 47000000.0, 'Grade A Standard', TO_DATE('2025-10-09 00:00:00', 'YYYY-MM-DD HH24:MI:SS'), TO_DATE('2026-10-09 00:00:00', 'YYYY-MM-DD HH24:MI:SS'), 'Active', 'TRUNG', 'farm-trung');
INSERT INTO purchase_contract (contract_id, supplier_id, ingredient_id, committed_quantity, contract_price, quality_commitment, start_date, end_date, status, region, site_id) VALUES ('CTR-6-89b1a8e9', 'SUP-06b7b398', 'ING-475d367d', 1000.0, 41000000.0, 'Grade A Standard', TO_DATE('2026-01-10 00:00:00', 'YYYY-MM-DD HH24:MI:SS'), TO_DATE('2027-01-10 00:00:00', 'YYYY-MM-DD HH24:MI:SS'), 'Active', 'TRUNG', 'farm-trung');
INSERT INTO purchase_contract (contract_id, supplier_id, ingredient_id, committed_quantity, contract_price, quality_commitment, start_date, end_date, status, region, site_id) VALUES ('CTR-7-2c291438', 'SUP-2119d5c6', 'ING-475d367d', 1000.0, 13000000.0, 'Grade A Standard', TO_DATE('2025-12-04 00:00:00', 'YYYY-MM-DD HH24:MI:SS'), TO_DATE('2026-12-04 00:00:00', 'YYYY-MM-DD HH24:MI:SS'), 'Active', 'TRUNG', 'farm-trung');
INSERT INTO purchase_contract (contract_id, supplier_id, ingredient_id, committed_quantity, contract_price, quality_commitment, start_date, end_date, status, region, site_id) VALUES ('CTR-8-7616f267', 'SUP-59084f73', 'ING-8bc77c46', 5000.0, 55000000.0, 'Grade A Standard', TO_DATE('2025-12-11 00:00:00', 'YYYY-MM-DD HH24:MI:SS'), TO_DATE('2026-12-11 00:00:00', 'YYYY-MM-DD HH24:MI:SS'), 'Active', 'TRUNG', 'farm-trung');
INSERT INTO purchase_contract (contract_id, supplier_id, ingredient_id, committed_quantity, contract_price, quality_commitment, start_date, end_date, status, region, site_id) VALUES ('CTR-9-4a4d2278', 'SUP-59084f73', 'ING-8bc77c46', 5000.0, 96000000.0, 'Grade A Standard', TO_DATE('2025-09-11 00:00:00', 'YYYY-MM-DD HH24:MI:SS'), TO_DATE('2026-09-11 00:00:00', 'YYYY-MM-DD HH24:MI:SS'), 'Active', 'TRUNG', 'farm-trung');
INSERT INTO purchase_contract (contract_id, supplier_id, ingredient_id, committed_quantity, contract_price, quality_commitment, start_date, end_date, status, region, site_id) VALUES ('CTR-10-5a868097', 'SUP-59084f73', 'ING-475d367d', 500.0, 99000000.0, 'Grade A Standard', TO_DATE('2026-02-22 00:00:00', 'YYYY-MM-DD HH24:MI:SS'), TO_DATE('2027-02-22 00:00:00', 'YYYY-MM-DD HH24:MI:SS'), 'Active', 'TRUNG', 'farm-trung');

-- Data for purchase_batch
INSERT INTO purchase_batch (batch_id, contract_id, purchase_date, expected_quantity, unit_price, status, region, site_id) VALUES ('BATCH-1-1-fce9962e', 'CTR-1-963ea332', TO_DATE('2026-02-21 00:00:00', 'YYYY-MM-DD HH24:MI:SS'), 125.0, 154000.0, 'Pending', 'TRUNG', 'farm-trung');
INSERT INTO purchase_batch (batch_id, contract_id, purchase_date, expected_quantity, unit_price, status, region, site_id) VALUES ('BATCH-1-2-37bab6d4', 'CTR-1-963ea332', TO_DATE('2025-12-09 00:00:00', 'YYYY-MM-DD HH24:MI:SS'), 125.0, 154000.0, 'Inspecting', 'TRUNG', 'farm-trung');
INSERT INTO purchase_batch (batch_id, contract_id, purchase_date, expected_quantity, unit_price, status, region, site_id) VALUES ('BATCH-1-3-d2597d35', 'CTR-1-963ea332', TO_DATE('2026-01-12 00:00:00', 'YYYY-MM-DD HH24:MI:SS'), 125.0, 154000.0, 'Inspecting', 'TRUNG', 'farm-trung');
INSERT INTO purchase_batch (batch_id, contract_id, purchase_date, expected_quantity, unit_price, status, region, site_id) VALUES ('BATCH-1-4-6ebc28c7', 'CTR-1-963ea332', TO_DATE('2026-01-28 00:00:00', 'YYYY-MM-DD HH24:MI:SS'), 125.0, 154000.0, 'Pending', 'TRUNG', 'farm-trung');
INSERT INTO purchase_batch (batch_id, contract_id, purchase_date, expected_quantity, unit_price, status, region, site_id) VALUES ('BATCH-2-1-6f77e27f', 'CTR-2-69b881c6', TO_DATE('2026-01-10 00:00:00', 'YYYY-MM-DD HH24:MI:SS'), 1000.0, 41000.0, 'Inspecting', 'TRUNG', 'farm-trung');
INSERT INTO purchase_batch (batch_id, contract_id, purchase_date, expected_quantity, unit_price, status, region, site_id) VALUES ('BATCH-3-1-1fbc8321', 'CTR-3-1fe5c2bb', TO_DATE('2026-03-02 00:00:00', 'YYYY-MM-DD HH24:MI:SS'), 1666.6666666666667, 2800.0, 'Received', 'TRUNG', 'farm-trung');
INSERT INTO purchase_batch (batch_id, contract_id, purchase_date, expected_quantity, unit_price, status, region, site_id) VALUES ('BATCH-3-2-73eeb07c', 'CTR-3-1fe5c2bb', TO_DATE('2026-03-21 00:00:00', 'YYYY-MM-DD HH24:MI:SS'), 1666.6666666666667, 2800.0, 'Received', 'TRUNG', 'farm-trung');
INSERT INTO purchase_batch (batch_id, contract_id, purchase_date, expected_quantity, unit_price, status, region, site_id) VALUES ('BATCH-3-3-43f36e8f', 'CTR-3-1fe5c2bb', TO_DATE('2026-05-10 00:00:00', 'YYYY-MM-DD HH24:MI:SS'), 1666.6666666666667, 2800.0, 'Received', 'TRUNG', 'farm-trung');
INSERT INTO purchase_batch (batch_id, contract_id, purchase_date, expected_quantity, unit_price, status, region, site_id) VALUES ('BATCH-4-1-af7cb91e', 'CTR-4-18ae0845', TO_DATE('2026-01-07 00:00:00', 'YYYY-MM-DD HH24:MI:SS'), 2500.0, 16600.0, 'Pending', 'TRUNG', 'farm-trung');
INSERT INTO purchase_batch (batch_id, contract_id, purchase_date, expected_quantity, unit_price, status, region, site_id) VALUES ('BATCH-4-2-bb4fd09d', 'CTR-4-18ae0845', TO_DATE('2025-11-20 00:00:00', 'YYYY-MM-DD HH24:MI:SS'), 2500.0, 16600.0, 'Pending', 'TRUNG', 'farm-trung');
INSERT INTO purchase_batch (batch_id, contract_id, purchase_date, expected_quantity, unit_price, status, region, site_id) VALUES ('BATCH-5-1-bea4d80b', 'CTR-5-03ac4666', TO_DATE('2025-11-07 00:00:00', 'YYYY-MM-DD HH24:MI:SS'), 125.0, 94000.0, 'Inspecting', 'TRUNG', 'farm-trung');
INSERT INTO purchase_batch (batch_id, contract_id, purchase_date, expected_quantity, unit_price, status, region, site_id) VALUES ('BATCH-5-2-a7b2721b', 'CTR-5-03ac4666', TO_DATE('2025-10-15 00:00:00', 'YYYY-MM-DD HH24:MI:SS'), 125.0, 94000.0, 'Pending', 'TRUNG', 'farm-trung');
INSERT INTO purchase_batch (batch_id, contract_id, purchase_date, expected_quantity, unit_price, status, region, site_id) VALUES ('BATCH-5-3-df95a94c', 'CTR-5-03ac4666', TO_DATE('2025-11-07 00:00:00', 'YYYY-MM-DD HH24:MI:SS'), 125.0, 94000.0, 'Pending', 'TRUNG', 'farm-trung');
INSERT INTO purchase_batch (batch_id, contract_id, purchase_date, expected_quantity, unit_price, status, region, site_id) VALUES ('BATCH-5-4-654aeb32', 'CTR-5-03ac4666', TO_DATE('2025-11-03 00:00:00', 'YYYY-MM-DD HH24:MI:SS'), 125.0, 94000.0, 'Received', 'TRUNG', 'farm-trung');
INSERT INTO purchase_batch (batch_id, contract_id, purchase_date, expected_quantity, unit_price, status, region, site_id) VALUES ('BATCH-6-1-aea94bcf', 'CTR-6-89b1a8e9', TO_DATE('2026-04-18 00:00:00', 'YYYY-MM-DD HH24:MI:SS'), 1000.0, 41000.0, 'Inspecting', 'TRUNG', 'farm-trung');
INSERT INTO purchase_batch (batch_id, contract_id, purchase_date, expected_quantity, unit_price, status, region, site_id) VALUES ('BATCH-7-1-211189f9', 'CTR-7-2c291438', TO_DATE('2025-12-19 00:00:00', 'YYYY-MM-DD HH24:MI:SS'), 333.3333333333333, 13000.0, 'Received', 'TRUNG', 'farm-trung');
INSERT INTO purchase_batch (batch_id, contract_id, purchase_date, expected_quantity, unit_price, status, region, site_id) VALUES ('BATCH-7-2-398b295a', 'CTR-7-2c291438', TO_DATE('2025-12-23 00:00:00', 'YYYY-MM-DD HH24:MI:SS'), 333.3333333333333, 13000.0, 'Pending', 'TRUNG', 'farm-trung');
INSERT INTO purchase_batch (batch_id, contract_id, purchase_date, expected_quantity, unit_price, status, region, site_id) VALUES ('BATCH-7-3-0e707224', 'CTR-7-2c291438', TO_DATE('2025-12-24 00:00:00', 'YYYY-MM-DD HH24:MI:SS'), 333.3333333333333, 13000.0, 'Received', 'TRUNG', 'farm-trung');
INSERT INTO purchase_batch (batch_id, contract_id, purchase_date, expected_quantity, unit_price, status, region, site_id) VALUES ('BATCH-8-1-b24e4451', 'CTR-8-7616f267', TO_DATE('2026-01-28 00:00:00', 'YYYY-MM-DD HH24:MI:SS'), 2500.0, 11000.0, 'Pending', 'TRUNG', 'farm-trung');
INSERT INTO purchase_batch (batch_id, contract_id, purchase_date, expected_quantity, unit_price, status, region, site_id) VALUES ('BATCH-8-2-d28eef82', 'CTR-8-7616f267', TO_DATE('2026-01-05 00:00:00', 'YYYY-MM-DD HH24:MI:SS'), 2500.0, 11000.0, 'Inspecting', 'TRUNG', 'farm-trung');
INSERT INTO purchase_batch (batch_id, contract_id, purchase_date, expected_quantity, unit_price, status, region, site_id) VALUES ('BATCH-9-1-734a501b', 'CTR-9-4a4d2278', TO_DATE('2025-11-05 00:00:00', 'YYYY-MM-DD HH24:MI:SS'), 2500.0, 19200.0, 'Inspecting', 'TRUNG', 'farm-trung');
INSERT INTO purchase_batch (batch_id, contract_id, purchase_date, expected_quantity, unit_price, status, region, site_id) VALUES ('BATCH-9-2-968f0166', 'CTR-9-4a4d2278', TO_DATE('2025-12-18 00:00:00', 'YYYY-MM-DD HH24:MI:SS'), 2500.0, 19200.0, 'Pending', 'TRUNG', 'farm-trung');
INSERT INTO purchase_batch (batch_id, contract_id, purchase_date, expected_quantity, unit_price, status, region, site_id) VALUES ('BATCH-10-1-01f9c8ce', 'CTR-10-5a868097', TO_DATE('2026-03-06 00:00:00', 'YYYY-MM-DD HH24:MI:SS'), 250.0, 198000.0, 'Received', 'TRUNG', 'farm-trung');
INSERT INTO purchase_batch (batch_id, contract_id, purchase_date, expected_quantity, unit_price, status, region, site_id) VALUES ('BATCH-10-2-30b3a6cf', 'CTR-10-5a868097', TO_DATE('2026-03-21 00:00:00', 'YYYY-MM-DD HH24:MI:SS'), 250.0, 198000.0, 'Received', 'TRUNG', 'farm-trung');

-- Data for purchase_ticket
INSERT INTO purchase_ticket (ticket_id, batch_id, supplier_id, ingredient_id, raw_weight, received_at, region, site_id) VALUES ('P_TICKET-a514b74d', 'BATCH-1-2-37bab6d4', 'SUP-2119d5c6', 'ING-8bc77c46', 126.22678007952027, TO_DATE('2025-12-09 00:00:00', 'YYYY-MM-DD HH24:MI:SS'), 'TRUNG', 'farm-trung');
INSERT INTO purchase_ticket (ticket_id, batch_id, supplier_id, ingredient_id, raw_weight, received_at, region, site_id) VALUES ('P_TICKET-acb4e8c9', 'BATCH-1-3-d2597d35', 'SUP-2119d5c6', 'ING-8bc77c46', 125.77357830741312, TO_DATE('2026-01-12 00:00:00', 'YYYY-MM-DD HH24:MI:SS'), 'TRUNG', 'farm-trung');
INSERT INTO purchase_ticket (ticket_id, batch_id, supplier_id, ingredient_id, raw_weight, received_at, region, site_id) VALUES ('P_TICKET-519e13da', 'BATCH-2-1-6f77e27f', 'SUP-59084f73', 'ING-475d367d', 1000.6940238050968, TO_DATE('2026-01-10 00:00:00', 'YYYY-MM-DD HH24:MI:SS'), 'TRUNG', 'farm-trung');
INSERT INTO purchase_ticket (ticket_id, batch_id, supplier_id, ingredient_id, raw_weight, received_at, region, site_id) VALUES ('P_TICKET-35f61084', 'BATCH-3-1-1fbc8321', 'SUP-06b7b398', 'ING-fba48445', 1696.890512304203, TO_DATE('2026-03-02 00:00:00', 'YYYY-MM-DD HH24:MI:SS'), 'TRUNG', 'farm-trung');
INSERT INTO purchase_ticket (ticket_id, batch_id, supplier_id, ingredient_id, raw_weight, received_at, region, site_id) VALUES ('P_TICKET-d1cad456', 'BATCH-3-2-73eeb07c', 'SUP-06b7b398', 'ING-fba48445', 1699.4159111599058, TO_DATE('2026-03-21 00:00:00', 'YYYY-MM-DD HH24:MI:SS'), 'TRUNG', 'farm-trung');
INSERT INTO purchase_ticket (ticket_id, batch_id, supplier_id, ingredient_id, raw_weight, received_at, region, site_id) VALUES ('P_TICKET-a0665ca0', 'BATCH-3-3-43f36e8f', 'SUP-06b7b398', 'ING-fba48445', 1650.2330108462693, TO_DATE('2026-05-10 00:00:00', 'YYYY-MM-DD HH24:MI:SS'), 'TRUNG', 'farm-trung');
INSERT INTO purchase_ticket (ticket_id, batch_id, supplier_id, ingredient_id, raw_weight, received_at, region, site_id) VALUES ('P_TICKET-5de21c87', 'BATCH-5-1-bea4d80b', 'SUP-2119d5c6', 'ING-d633f02e', 127.37217927328379, TO_DATE('2025-11-07 00:00:00', 'YYYY-MM-DD HH24:MI:SS'), 'TRUNG', 'farm-trung');
INSERT INTO purchase_ticket (ticket_id, batch_id, supplier_id, ingredient_id, raw_weight, received_at, region, site_id) VALUES ('P_TICKET-8ccbde24', 'BATCH-5-4-654aeb32', 'SUP-2119d5c6', 'ING-d633f02e', 125.43604881098902, TO_DATE('2025-11-03 00:00:00', 'YYYY-MM-DD HH24:MI:SS'), 'TRUNG', 'farm-trung');
INSERT INTO purchase_ticket (ticket_id, batch_id, supplier_id, ingredient_id, raw_weight, received_at, region, site_id) VALUES ('P_TICKET-ecbcbee0', 'BATCH-6-1-aea94bcf', 'SUP-06b7b398', 'ING-475d367d', 1015.7858154085959, TO_DATE('2026-04-18 00:00:00', 'YYYY-MM-DD HH24:MI:SS'), 'TRUNG', 'farm-trung');
INSERT INTO purchase_ticket (ticket_id, batch_id, supplier_id, ingredient_id, raw_weight, received_at, region, site_id) VALUES ('P_TICKET-4b4bda4c', 'BATCH-7-1-211189f9', 'SUP-2119d5c6', 'ING-475d367d', 335.0208964851233, TO_DATE('2025-12-19 00:00:00', 'YYYY-MM-DD HH24:MI:SS'), 'TRUNG', 'farm-trung');
INSERT INTO purchase_ticket (ticket_id, batch_id, supplier_id, ingredient_id, raw_weight, received_at, region, site_id) VALUES ('P_TICKET-33758686', 'BATCH-7-3-0e707224', 'SUP-2119d5c6', 'ING-475d367d', 335.3145596382167, TO_DATE('2025-12-24 00:00:00', 'YYYY-MM-DD HH24:MI:SS'), 'TRUNG', 'farm-trung');
INSERT INTO purchase_ticket (ticket_id, batch_id, supplier_id, ingredient_id, raw_weight, received_at, region, site_id) VALUES ('P_TICKET-c40e957f', 'BATCH-8-2-d28eef82', 'SUP-59084f73', 'ING-8bc77c46', 2461.8355993303467, TO_DATE('2026-01-05 00:00:00', 'YYYY-MM-DD HH24:MI:SS'), 'TRUNG', 'farm-trung');
INSERT INTO purchase_ticket (ticket_id, batch_id, supplier_id, ingredient_id, raw_weight, received_at, region, site_id) VALUES ('P_TICKET-0076fd78', 'BATCH-9-1-734a501b', 'SUP-59084f73', 'ING-8bc77c46', 2528.4667408362375, TO_DATE('2025-11-05 00:00:00', 'YYYY-MM-DD HH24:MI:SS'), 'TRUNG', 'farm-trung');
INSERT INTO purchase_ticket (ticket_id, batch_id, supplier_id, ingredient_id, raw_weight, received_at, region, site_id) VALUES ('P_TICKET-43bceabc', 'BATCH-10-1-01f9c8ce', 'SUP-59084f73', 'ING-475d367d', 246.60853461035074, TO_DATE('2026-03-06 00:00:00', 'YYYY-MM-DD HH24:MI:SS'), 'TRUNG', 'farm-trung');
INSERT INTO purchase_ticket (ticket_id, batch_id, supplier_id, ingredient_id, raw_weight, received_at, region, site_id) VALUES ('P_TICKET-c002d435', 'BATCH-10-2-30b3a6cf', 'SUP-59084f73', 'ING-475d367d', 253.51998951882575, TO_DATE('2026-03-21 00:00:00', 'YYYY-MM-DD HH24:MI:SS'), 'TRUNG', 'farm-trung');

-- Data for weighing_ticket
INSERT INTO weighing_ticket (ticket_id, bed_id, ingredient_id, raw_weight, harvested_by, timestamp, region, site_id) VALUES ('W_TICKET-7ae580b7', 'BED-A2-e1c11f80', 'ING-8bc77c46', 145.89213071819125, 'Worker Alice', TO_DATE('2026-03-18 22:12:45', 'YYYY-MM-DD HH24:MI:SS'), 'TRUNG', 'farm-trung');
INSERT INTO weighing_ticket (ticket_id, bed_id, ingredient_id, raw_weight, harvested_by, timestamp, region, site_id) VALUES ('W_TICKET-3d50f4c6', 'BED-A3-0b829114', 'ING-8bc77c46', 179.72687781788972, 'Worker Alice', TO_DATE('2026-03-18 22:12:45', 'YYYY-MM-DD HH24:MI:SS'), 'TRUNG', 'farm-trung');
INSERT INTO weighing_ticket (ticket_id, bed_id, ingredient_id, raw_weight, harvested_by, timestamp, region, site_id) VALUES ('W_TICKET-07f00a1f', 'BED-A5-acd92ccd', 'ING-8bc77c46', 122.90527727470835, 'Worker Alice', TO_DATE('2026-03-16 22:12:45', 'YYYY-MM-DD HH24:MI:SS'), 'TRUNG', 'farm-trung');
INSERT INTO weighing_ticket (ticket_id, bed_id, ingredient_id, raw_weight, harvested_by, timestamp, region, site_id) VALUES ('W_TICKET-db1ae63c', 'BED-B1-e9e94982', 'ING-8bc77c46', 51.13594375320972, 'Worker Alice', TO_DATE('2026-03-18 22:12:45', 'YYYY-MM-DD HH24:MI:SS'), 'TRUNG', 'farm-trung');
INSERT INTO weighing_ticket (ticket_id, bed_id, ingredient_id, raw_weight, harvested_by, timestamp, region, site_id) VALUES ('W_TICKET-b5b4738e', 'BED-B5-50675fb1', 'ING-8bc77c46', 58.09496824975198, 'Worker Alice', TO_DATE('2026-03-17 22:12:45', 'YYYY-MM-DD HH24:MI:SS'), 'TRUNG', 'farm-trung');
INSERT INTO weighing_ticket (ticket_id, bed_id, ingredient_id, raw_weight, harvested_by, timestamp, region, site_id) VALUES ('W_TICKET-4ba420ab', 'BED-C2-78da047f', 'ING-8bc77c46', 61.3731669041, 'Worker Alice', TO_DATE('2026-03-16 22:12:45', 'YYYY-MM-DD HH24:MI:SS'), 'TRUNG', 'farm-trung');
INSERT INTO weighing_ticket (ticket_id, bed_id, ingredient_id, raw_weight, harvested_by, timestamp, region, site_id) VALUES ('W_TICKET-ad5a2bd2', 'BED-C3-bed5b996', 'ING-8bc77c46', 52.085571839367695, 'Worker Alice', TO_DATE('2026-03-16 22:12:45', 'YYYY-MM-DD HH24:MI:SS'), 'TRUNG', 'farm-trung');
INSERT INTO weighing_ticket (ticket_id, bed_id, ingredient_id, raw_weight, harvested_by, timestamp, region, site_id) VALUES ('W_TICKET-e274379c', 'BED-C5-b3458d42', 'ING-8bc77c46', 53.2036855965649, 'Worker Alice', TO_DATE('2026-03-17 22:12:45', 'YYYY-MM-DD HH24:MI:SS'), 'TRUNG', 'farm-trung');
INSERT INTO weighing_ticket (ticket_id, bed_id, ingredient_id, raw_weight, harvested_by, timestamp, region, site_id) VALUES ('W_TICKET-ee177e31', 'BED-D2-00972c1f', 'ING-8bc77c46', 65.24995443276397, 'Worker Alice', TO_DATE('2026-03-17 22:12:45', 'YYYY-MM-DD HH24:MI:SS'), 'TRUNG', 'farm-trung');
INSERT INTO weighing_ticket (ticket_id, bed_id, ingredient_id, raw_weight, harvested_by, timestamp, region, site_id) VALUES ('W_TICKET-056ff80e', 'BED-D3-ad65fd68', 'ING-8bc77c46', 167.42461527165648, 'Worker Alice', TO_DATE('2026-03-17 22:12:45', 'YYYY-MM-DD HH24:MI:SS'), 'TRUNG', 'farm-trung');
INSERT INTO weighing_ticket (ticket_id, bed_id, ingredient_id, raw_weight, harvested_by, timestamp, region, site_id) VALUES ('W_TICKET-faaa2f07', 'BED-D4-87e95a6a', 'ING-8bc77c46', 58.305927107012195, 'Worker Alice', TO_DATE('2026-03-19 22:12:45', 'YYYY-MM-DD HH24:MI:SS'), 'TRUNG', 'farm-trung');

-- Data for production_lot
INSERT INTO production_lot (lot_id, product_id, mfg_date, exp_date, region, site_id) VALUES ('LOT-8bca676f', 'PROD-c54e65ac', TO_DATE('2026-03-19 02:12:45', 'YYYY-MM-DD HH24:MI:SS'), TO_DATE('2026-04-02 02:12:45', 'YYYY-MM-DD HH24:MI:SS'), 'TRUNG', 'farm-trung');
INSERT INTO production_lot (lot_id, product_id, mfg_date, exp_date, region, site_id) VALUES ('LOT-44333c01', 'PROD-215f8a55', TO_DATE('2026-03-19 02:12:45', 'YYYY-MM-DD HH24:MI:SS'), TO_DATE('2026-04-02 02:12:45', 'YYYY-MM-DD HH24:MI:SS'), 'TRUNG', 'farm-trung');
INSERT INTO production_lot (lot_id, product_id, mfg_date, exp_date, region, site_id) VALUES ('LOT-dcdccf78', 'PROD-c54e65ac', TO_DATE('2026-03-17 02:12:45', 'YYYY-MM-DD HH24:MI:SS'), TO_DATE('2026-03-31 02:12:45', 'YYYY-MM-DD HH24:MI:SS'), 'TRUNG', 'farm-trung');
INSERT INTO production_lot (lot_id, product_id, mfg_date, exp_date, region, site_id) VALUES ('LOT-10803f9b', 'PROD-c54e65ac', TO_DATE('2026-03-19 02:12:45', 'YYYY-MM-DD HH24:MI:SS'), TO_DATE('2026-04-02 02:12:45', 'YYYY-MM-DD HH24:MI:SS'), 'TRUNG', 'farm-trung');
INSERT INTO production_lot (lot_id, product_id, mfg_date, exp_date, region, site_id) VALUES ('LOT-bde4eff2', 'PROD-215f8a55', TO_DATE('2026-03-18 02:12:45', 'YYYY-MM-DD HH24:MI:SS'), TO_DATE('2026-04-01 02:12:45', 'YYYY-MM-DD HH24:MI:SS'), 'TRUNG', 'farm-trung');
INSERT INTO production_lot (lot_id, product_id, mfg_date, exp_date, region, site_id) VALUES ('LOT-5d633a2c', 'PROD-215f8a55', TO_DATE('2026-03-17 02:12:45', 'YYYY-MM-DD HH24:MI:SS'), TO_DATE('2026-03-31 02:12:45', 'YYYY-MM-DD HH24:MI:SS'), 'TRUNG', 'farm-trung');
INSERT INTO production_lot (lot_id, product_id, mfg_date, exp_date, region, site_id) VALUES ('LOT-a5327366', 'PROD-215f8a55', TO_DATE('2026-03-17 02:12:45', 'YYYY-MM-DD HH24:MI:SS'), TO_DATE('2026-03-31 02:12:45', 'YYYY-MM-DD HH24:MI:SS'), 'TRUNG', 'farm-trung');
INSERT INTO production_lot (lot_id, product_id, mfg_date, exp_date, region, site_id) VALUES ('LOT-ae9608b3', 'PROD-c54e65ac', TO_DATE('2026-03-18 02:12:45', 'YYYY-MM-DD HH24:MI:SS'), TO_DATE('2026-04-01 02:12:45', 'YYYY-MM-DD HH24:MI:SS'), 'TRUNG', 'farm-trung');
INSERT INTO production_lot (lot_id, product_id, mfg_date, exp_date, region, site_id) VALUES ('LOT-56562ee9', 'PROD-c54e65ac', TO_DATE('2026-03-18 02:12:45', 'YYYY-MM-DD HH24:MI:SS'), TO_DATE('2026-04-01 02:12:45', 'YYYY-MM-DD HH24:MI:SS'), 'TRUNG', 'farm-trung');
INSERT INTO production_lot (lot_id, product_id, mfg_date, exp_date, region, site_id) VALUES ('LOT-4598bbb5', 'PROD-c54e65ac', TO_DATE('2026-03-18 02:12:45', 'YYYY-MM-DD HH24:MI:SS'), TO_DATE('2026-04-01 02:12:45', 'YYYY-MM-DD HH24:MI:SS'), 'TRUNG', 'farm-trung');
INSERT INTO production_lot (lot_id, product_id, mfg_date, exp_date, region, site_id) VALUES ('LOT-ca829a5b', 'PROD-215f8a55', TO_DATE('2026-03-20 02:12:45', 'YYYY-MM-DD HH24:MI:SS'), TO_DATE('2026-04-03 02:12:45', 'YYYY-MM-DD HH24:MI:SS'), 'TRUNG', 'farm-trung');

-- Data for qc_record
INSERT INTO qc_record (qc_id, source_type, reference_id, inspector_name, sample_size, defects_found, quality_score, pass_status, notes, checked_at, appearance_grade, brix_level, ph_level, pesticide_residue_check, final_grade, region, site_id) VALUES ('QCRCV-1c61dd64', 'RECEIVING', 'P_TICKET-a514b74d', 'QC Staff A', 10, 7, 60, 'FAIL', 'Standard Check', TO_DATE('2025-12-09 02:00:00', 'YYYY-MM-DD HH24:MI:SS'), 'UNKNOWN', 0, 0, 'UNKNOWN', 'PENDING', 'TRUNG', 'farm-trung');
INSERT INTO qc_record (qc_id, source_type, reference_id, inspector_name, sample_size, defects_found, quality_score, pass_status, notes, checked_at, appearance_grade, brix_level, ph_level, pesticide_residue_check, final_grade, region, site_id) VALUES ('QCRCV-2c73cfdf', 'RECEIVING', 'P_TICKET-acb4e8c9', 'QC Staff A', 10, 7, 59, 'FAIL', 'Standard Check', TO_DATE('2026-01-12 02:00:00', 'YYYY-MM-DD HH24:MI:SS'), 'UNKNOWN', 0, 0, 'UNKNOWN', 'PENDING', 'TRUNG', 'farm-trung');
INSERT INTO qc_record (qc_id, source_type, reference_id, inspector_name, sample_size, defects_found, quality_score, pass_status, notes, checked_at, appearance_grade, brix_level, ph_level, pesticide_residue_check, final_grade, region, site_id) VALUES ('QCRCV-dc48a9dc', 'RECEIVING', 'P_TICKET-519e13da', 'QC Staff A', 10, 2, 93, 'PASS', 'Standard Check', TO_DATE('2026-01-10 02:00:00', 'YYYY-MM-DD HH24:MI:SS'), 'UNKNOWN', 0, 0, 'UNKNOWN', 'PENDING', 'TRUNG', 'farm-trung');
INSERT INTO qc_record (qc_id, source_type, reference_id, inspector_name, sample_size, defects_found, quality_score, pass_status, notes, checked_at, appearance_grade, brix_level, ph_level, pesticide_residue_check, final_grade, region, site_id) VALUES ('QCRCV-acb97440', 'RECEIVING', 'P_TICKET-35f61084', 'QC Staff A', 10, 0, 93, 'PASS', 'Standard Check', TO_DATE('2026-03-02 02:00:00', 'YYYY-MM-DD HH24:MI:SS'), 'UNKNOWN', 0, 0, 'UNKNOWN', 'PENDING', 'TRUNG', 'farm-trung');
INSERT INTO qc_record (qc_id, source_type, reference_id, inspector_name, sample_size, defects_found, quality_score, pass_status, notes, checked_at, appearance_grade, brix_level, ph_level, pesticide_residue_check, final_grade, region, site_id) VALUES ('QCRCV-c0d6d139', 'RECEIVING', 'P_TICKET-d1cad456', 'QC Staff A', 10, 10, 58, 'CONDITIONAL', 'Standard Check', TO_DATE('2026-03-21 02:00:00', 'YYYY-MM-DD HH24:MI:SS'), 'UNKNOWN', 0, 0, 'UNKNOWN', 'PENDING', 'TRUNG', 'farm-trung');
INSERT INTO qc_record (qc_id, source_type, reference_id, inspector_name, sample_size, defects_found, quality_score, pass_status, notes, checked_at, appearance_grade, brix_level, ph_level, pesticide_residue_check, final_grade, region, site_id) VALUES ('QCRCV-d434d1d4', 'RECEIVING', 'P_TICKET-a0665ca0', 'QC Staff A', 10, 0, 87, 'PASS', 'Standard Check', TO_DATE('2026-05-10 02:00:00', 'YYYY-MM-DD HH24:MI:SS'), 'UNKNOWN', 0, 0, 'UNKNOWN', 'PENDING', 'TRUNG', 'farm-trung');
INSERT INTO qc_record (qc_id, source_type, reference_id, inspector_name, sample_size, defects_found, quality_score, pass_status, notes, checked_at, appearance_grade, brix_level, ph_level, pesticide_residue_check, final_grade, region, site_id) VALUES ('QCRCV-d0e278bd', 'RECEIVING', 'P_TICKET-5de21c87', 'QC Staff A', 10, 8, 50, 'FAIL', 'Standard Check', TO_DATE('2025-11-07 02:00:00', 'YYYY-MM-DD HH24:MI:SS'), 'UNKNOWN', 0, 0, 'UNKNOWN', 'PENDING', 'TRUNG', 'farm-trung');
INSERT INTO qc_record (qc_id, source_type, reference_id, inspector_name, sample_size, defects_found, quality_score, pass_status, notes, checked_at, appearance_grade, brix_level, ph_level, pesticide_residue_check, final_grade, region, site_id) VALUES ('QCRCV-8f303c04', 'RECEIVING', 'P_TICKET-8ccbde24', 'QC Staff A', 10, 1, 86, 'PASS', 'Standard Check', TO_DATE('2025-11-03 02:00:00', 'YYYY-MM-DD HH24:MI:SS'), 'UNKNOWN', 0, 0, 'UNKNOWN', 'PENDING', 'TRUNG', 'farm-trung');
INSERT INTO qc_record (qc_id, source_type, reference_id, inspector_name, sample_size, defects_found, quality_score, pass_status, notes, checked_at, appearance_grade, brix_level, ph_level, pesticide_residue_check, final_grade, region, site_id) VALUES ('QCRCV-d871eaac', 'RECEIVING', 'P_TICKET-ecbcbee0', 'QC Staff A', 10, 8, 64, 'FAIL', 'Standard Check', TO_DATE('2026-04-18 02:00:00', 'YYYY-MM-DD HH24:MI:SS'), 'UNKNOWN', 0, 0, 'UNKNOWN', 'PENDING', 'TRUNG', 'farm-trung');
INSERT INTO qc_record (qc_id, source_type, reference_id, inspector_name, sample_size, defects_found, quality_score, pass_status, notes, checked_at, appearance_grade, brix_level, ph_level, pesticide_residue_check, final_grade, region, site_id) VALUES ('QCRCV-a4eedd08', 'RECEIVING', 'P_TICKET-4b4bda4c', 'QC Staff A', 10, 10, 53, 'CONDITIONAL', 'Standard Check', TO_DATE('2025-12-19 02:00:00', 'YYYY-MM-DD HH24:MI:SS'), 'UNKNOWN', 0, 0, 'UNKNOWN', 'PENDING', 'TRUNG', 'farm-trung');
INSERT INTO qc_record (qc_id, source_type, reference_id, inspector_name, sample_size, defects_found, quality_score, pass_status, notes, checked_at, appearance_grade, brix_level, ph_level, pesticide_residue_check, final_grade, region, site_id) VALUES ('QCRCV-575a5e85', 'RECEIVING', 'P_TICKET-33758686', 'QC Staff A', 10, 5, 55, 'FAIL', 'Standard Check', TO_DATE('2025-12-24 02:00:00', 'YYYY-MM-DD HH24:MI:SS'), 'UNKNOWN', 0, 0, 'UNKNOWN', 'PENDING', 'TRUNG', 'farm-trung');
INSERT INTO qc_record (qc_id, source_type, reference_id, inspector_name, sample_size, defects_found, quality_score, pass_status, notes, checked_at, appearance_grade, brix_level, ph_level, pesticide_residue_check, final_grade, region, site_id) VALUES ('QCRCV-028d3be9', 'RECEIVING', 'P_TICKET-c40e957f', 'QC Staff A', 10, 7, 52, 'FAIL', 'Standard Check', TO_DATE('2026-01-05 02:00:00', 'YYYY-MM-DD HH24:MI:SS'), 'UNKNOWN', 0, 0, 'UNKNOWN', 'PENDING', 'TRUNG', 'farm-trung');
INSERT INTO qc_record (qc_id, source_type, reference_id, inspector_name, sample_size, defects_found, quality_score, pass_status, notes, checked_at, appearance_grade, brix_level, ph_level, pesticide_residue_check, final_grade, region, site_id) VALUES ('QCRCV-fd66c156', 'RECEIVING', 'P_TICKET-0076fd78', 'QC Staff A', 10, 10, 62, 'CONDITIONAL', 'Standard Check', TO_DATE('2025-11-05 02:00:00', 'YYYY-MM-DD HH24:MI:SS'), 'UNKNOWN', 0, 0, 'UNKNOWN', 'PENDING', 'TRUNG', 'farm-trung');
INSERT INTO qc_record (qc_id, source_type, reference_id, inspector_name, sample_size, defects_found, quality_score, pass_status, notes, checked_at, appearance_grade, brix_level, ph_level, pesticide_residue_check, final_grade, region, site_id) VALUES ('QCRCV-223044a9', 'RECEIVING', 'P_TICKET-43bceabc', 'QC Staff A', 10, 2, 83, 'PASS', 'Standard Check', TO_DATE('2026-03-06 02:00:00', 'YYYY-MM-DD HH24:MI:SS'), 'UNKNOWN', 0, 0, 'UNKNOWN', 'PENDING', 'TRUNG', 'farm-trung');
INSERT INTO qc_record (qc_id, source_type, reference_id, inspector_name, sample_size, defects_found, quality_score, pass_status, notes, checked_at, appearance_grade, brix_level, ph_level, pesticide_residue_check, final_grade, region, site_id) VALUES ('QCRCV-3ce6ce6b', 'RECEIVING', 'P_TICKET-c002d435', 'QC Staff A', 10, 1, 84, 'PASS', 'Standard Check', TO_DATE('2026-03-21 02:00:00', 'YYYY-MM-DD HH24:MI:SS'), 'UNKNOWN', 0, 0, 'UNKNOWN', 'PENDING', 'TRUNG', 'farm-trung');
INSERT INTO qc_record (qc_id, source_type, reference_id, inspector_name, appearance_grade, notes, pass_status, checked_at, sample_size, defects_found, quality_score, brix_level, ph_level, pesticide_residue_check, final_grade, region, site_id) VALUES ('QCHAR-827f47e1', 'HARVEST', 'W_TICKET-7ae580b7', 'Field Supervisor', 'C', 'None', 'PASS', TO_DATE('2026-03-18 22:42:45', 'YYYY-MM-DD HH24:MI:SS'), 0, 0, 0, 0, 0, 'UNKNOWN', 'PENDING', 'TRUNG', 'farm-trung');
INSERT INTO qc_record (qc_id, source_type, reference_id, inspector_name, brix_level, ph_level, pesticide_residue_check, final_grade, checked_at, pass_status, notes, sample_size, defects_found, quality_score, appearance_grade, region, site_id) VALUES ('QCPROD-50f62117', 'PRODUCT', 'LOT-8bca676f', 'QC Lab', 8.9, 4.1, 'PASS', 'STANDARD', TO_DATE('2026-03-19 02:42:45', 'YYYY-MM-DD HH24:MI:SS'), 'PASS', 'None', 0, 0, 0, 'UNKNOWN', 'TRUNG', 'farm-trung');
INSERT INTO qc_record (qc_id, source_type, reference_id, inspector_name, appearance_grade, notes, pass_status, checked_at, sample_size, defects_found, quality_score, brix_level, ph_level, pesticide_residue_check, final_grade, region, site_id) VALUES ('QCHAR-1f84d75b', 'HARVEST', 'W_TICKET-3d50f4c6', 'Field Supervisor', 'A', 'None', 'PASS', TO_DATE('2026-03-18 22:42:45', 'YYYY-MM-DD HH24:MI:SS'), 0, 0, 0, 0, 0, 'UNKNOWN', 'PENDING', 'TRUNG', 'farm-trung');
INSERT INTO qc_record (qc_id, source_type, reference_id, inspector_name, brix_level, ph_level, pesticide_residue_check, final_grade, checked_at, pass_status, notes, sample_size, defects_found, quality_score, appearance_grade, region, site_id) VALUES ('QCPROD-0fcbe254', 'PRODUCT', 'LOT-44333c01', 'QC Lab', 6.9, 5.2, 'PASS', 'STANDARD', TO_DATE('2026-03-19 02:42:45', 'YYYY-MM-DD HH24:MI:SS'), 'PASS', 'None', 0, 0, 0, 'UNKNOWN', 'TRUNG', 'farm-trung');
INSERT INTO qc_record (qc_id, source_type, reference_id, inspector_name, appearance_grade, notes, pass_status, checked_at, sample_size, defects_found, quality_score, brix_level, ph_level, pesticide_residue_check, final_grade, region, site_id) VALUES ('QCHAR-1d311247', 'HARVEST', 'W_TICKET-07f00a1f', 'Field Supervisor', 'A', 'None', 'PASS', TO_DATE('2026-03-16 22:42:45', 'YYYY-MM-DD HH24:MI:SS'), 0, 0, 0, 0, 0, 'UNKNOWN', 'PENDING', 'TRUNG', 'farm-trung');
INSERT INTO qc_record (qc_id, source_type, reference_id, inspector_name, brix_level, ph_level, pesticide_residue_check, final_grade, checked_at, pass_status, notes, sample_size, defects_found, quality_score, appearance_grade, region, site_id) VALUES ('QCPROD-94f2ee9d', 'PRODUCT', 'LOT-dcdccf78', 'QC Lab', 6.4, 5.7, 'PASS', 'PREMIUM', TO_DATE('2026-03-17 02:42:45', 'YYYY-MM-DD HH24:MI:SS'), 'PASS', 'None', 0, 0, 0, 'UNKNOWN', 'TRUNG', 'farm-trung');
INSERT INTO qc_record (qc_id, source_type, reference_id, inspector_name, appearance_grade, notes, pass_status, checked_at, sample_size, defects_found, quality_score, brix_level, ph_level, pesticide_residue_check, final_grade, region, site_id) VALUES ('QCHAR-157210c0', 'HARVEST', 'W_TICKET-db1ae63c', 'Field Supervisor', 'C', 'None', 'PASS', TO_DATE('2026-03-18 22:42:45', 'YYYY-MM-DD HH24:MI:SS'), 0, 0, 0, 0, 0, 'UNKNOWN', 'PENDING', 'TRUNG', 'farm-trung');
INSERT INTO qc_record (qc_id, source_type, reference_id, inspector_name, brix_level, ph_level, pesticide_residue_check, final_grade, checked_at, pass_status, notes, sample_size, defects_found, quality_score, appearance_grade, region, site_id) VALUES ('QCPROD-c0bd55a0', 'PRODUCT', 'LOT-10803f9b', 'QC Lab', 7.6, 4.9, 'PASS', 'PREMIUM', TO_DATE('2026-03-19 02:42:45', 'YYYY-MM-DD HH24:MI:SS'), 'PASS', 'None', 0, 0, 0, 'UNKNOWN', 'TRUNG', 'farm-trung');
INSERT INTO qc_record (qc_id, source_type, reference_id, inspector_name, appearance_grade, notes, pass_status, checked_at, sample_size, defects_found, quality_score, brix_level, ph_level, pesticide_residue_check, final_grade, region, site_id) VALUES ('QCHAR-60b35490', 'HARVEST', 'W_TICKET-b5b4738e', 'Field Supervisor', 'A', 'None', 'PASS', TO_DATE('2026-03-17 22:42:45', 'YYYY-MM-DD HH24:MI:SS'), 0, 0, 0, 0, 0, 'UNKNOWN', 'PENDING', 'TRUNG', 'farm-trung');
INSERT INTO qc_record (qc_id, source_type, reference_id, inspector_name, brix_level, ph_level, pesticide_residue_check, final_grade, checked_at, pass_status, notes, sample_size, defects_found, quality_score, appearance_grade, region, site_id) VALUES ('QCPROD-99fd81c8', 'PRODUCT', 'LOT-bde4eff2', 'QC Lab', 13.2, 3.8, 'PASS', 'STANDARD', TO_DATE('2026-03-18 02:42:45', 'YYYY-MM-DD HH24:MI:SS'), 'PASS', 'None', 0, 0, 0, 'UNKNOWN', 'TRUNG', 'farm-trung');
INSERT INTO qc_record (qc_id, source_type, reference_id, inspector_name, appearance_grade, notes, pass_status, checked_at, sample_size, defects_found, quality_score, brix_level, ph_level, pesticide_residue_check, final_grade, region, site_id) VALUES ('QCHAR-c6b8242f', 'HARVEST', 'W_TICKET-4ba420ab', 'Field Supervisor', 'A', 'None', 'PASS', TO_DATE('2026-03-16 22:42:45', 'YYYY-MM-DD HH24:MI:SS'), 0, 0, 0, 0, 0, 'UNKNOWN', 'PENDING', 'TRUNG', 'farm-trung');
INSERT INTO qc_record (qc_id, source_type, reference_id, inspector_name, brix_level, ph_level, pesticide_residue_check, final_grade, checked_at, pass_status, notes, sample_size, defects_found, quality_score, appearance_grade, region, site_id) VALUES ('QCPROD-d06fa2c8', 'PRODUCT', 'LOT-5d633a2c', 'QC Lab', 11.7, 6.1, 'PASS', 'PREMIUM', TO_DATE('2026-03-17 02:42:45', 'YYYY-MM-DD HH24:MI:SS'), 'PASS', 'None', 0, 0, 0, 'UNKNOWN', 'TRUNG', 'farm-trung');
INSERT INTO qc_record (qc_id, source_type, reference_id, inspector_name, appearance_grade, notes, pass_status, checked_at, sample_size, defects_found, quality_score, brix_level, ph_level, pesticide_residue_check, final_grade, region, site_id) VALUES ('QCHAR-7c7079a2', 'HARVEST', 'W_TICKET-ad5a2bd2', 'Field Supervisor', 'A', 'None', 'PASS', TO_DATE('2026-03-16 22:42:45', 'YYYY-MM-DD HH24:MI:SS'), 0, 0, 0, 0, 0, 'UNKNOWN', 'PENDING', 'TRUNG', 'farm-trung');
INSERT INTO qc_record (qc_id, source_type, reference_id, inspector_name, brix_level, ph_level, pesticide_residue_check, final_grade, checked_at, pass_status, notes, sample_size, defects_found, quality_score, appearance_grade, region, site_id) VALUES ('QCPROD-695e1cba', 'PRODUCT', 'LOT-a5327366', 'QC Lab', 13.7, 5.0, 'PASS', 'PREMIUM', TO_DATE('2026-03-17 02:42:45', 'YYYY-MM-DD HH24:MI:SS'), 'PASS', 'None', 0, 0, 0, 'UNKNOWN', 'TRUNG', 'farm-trung');
INSERT INTO qc_record (qc_id, source_type, reference_id, inspector_name, appearance_grade, notes, pass_status, checked_at, sample_size, defects_found, quality_score, brix_level, ph_level, pesticide_residue_check, final_grade, region, site_id) VALUES ('QCHAR-54ced72a', 'HARVEST', 'W_TICKET-e274379c', 'Field Supervisor', 'A', 'None', 'PASS', TO_DATE('2026-03-17 22:42:45', 'YYYY-MM-DD HH24:MI:SS'), 0, 0, 0, 0, 0, 'UNKNOWN', 'PENDING', 'TRUNG', 'farm-trung');
INSERT INTO qc_record (qc_id, source_type, reference_id, inspector_name, brix_level, ph_level, pesticide_residue_check, final_grade, checked_at, pass_status, notes, sample_size, defects_found, quality_score, appearance_grade, region, site_id) VALUES ('QCPROD-460328a4', 'PRODUCT', 'LOT-ae9608b3', 'QC Lab', 13.6, 4.0, 'PASS', 'PREMIUM', TO_DATE('2026-03-18 02:42:45', 'YYYY-MM-DD HH24:MI:SS'), 'PASS', 'None', 0, 0, 0, 'UNKNOWN', 'TRUNG', 'farm-trung');
INSERT INTO qc_record (qc_id, source_type, reference_id, inspector_name, appearance_grade, notes, pass_status, checked_at, sample_size, defects_found, quality_score, brix_level, ph_level, pesticide_residue_check, final_grade, region, site_id) VALUES ('QCHAR-c1ba34f6', 'HARVEST', 'W_TICKET-ee177e31', 'Field Supervisor', 'A', 'None', 'PASS', TO_DATE('2026-03-17 22:42:45', 'YYYY-MM-DD HH24:MI:SS'), 0, 0, 0, 0, 0, 'UNKNOWN', 'PENDING', 'TRUNG', 'farm-trung');
INSERT INTO qc_record (qc_id, source_type, reference_id, inspector_name, brix_level, ph_level, pesticide_residue_check, final_grade, checked_at, pass_status, notes, sample_size, defects_found, quality_score, appearance_grade, region, site_id) VALUES ('QCPROD-60e0348a', 'PRODUCT', 'LOT-56562ee9', 'QC Lab', 12.6, 4.8, 'PASS', 'PREMIUM', TO_DATE('2026-03-18 02:42:45', 'YYYY-MM-DD HH24:MI:SS'), 'PASS', 'None', 0, 0, 0, 'UNKNOWN', 'TRUNG', 'farm-trung');
INSERT INTO qc_record (qc_id, source_type, reference_id, inspector_name, appearance_grade, notes, pass_status, checked_at, sample_size, defects_found, quality_score, brix_level, ph_level, pesticide_residue_check, final_grade, region, site_id) VALUES ('QCHAR-72e7e1b5', 'HARVEST', 'W_TICKET-056ff80e', 'Field Supervisor', 'C', 'None', 'PASS', TO_DATE('2026-03-17 22:42:45', 'YYYY-MM-DD HH24:MI:SS'), 0, 0, 0, 0, 0, 'UNKNOWN', 'PENDING', 'TRUNG', 'farm-trung');
INSERT INTO qc_record (qc_id, source_type, reference_id, inspector_name, brix_level, ph_level, pesticide_residue_check, final_grade, checked_at, pass_status, notes, sample_size, defects_found, quality_score, appearance_grade, region, site_id) VALUES ('QCPROD-36308bba', 'PRODUCT', 'LOT-4598bbb5', 'QC Lab', 11.3, 5.5, 'PASS', 'PREMIUM', TO_DATE('2026-03-18 02:42:45', 'YYYY-MM-DD HH24:MI:SS'), 'PASS', 'None', 0, 0, 0, 'UNKNOWN', 'TRUNG', 'farm-trung');
INSERT INTO qc_record (qc_id, source_type, reference_id, inspector_name, appearance_grade, notes, pass_status, checked_at, sample_size, defects_found, quality_score, brix_level, ph_level, pesticide_residue_check, final_grade, region, site_id) VALUES ('QCHAR-46519121', 'HARVEST', 'W_TICKET-faaa2f07', 'Field Supervisor', 'A', 'None', 'PASS', TO_DATE('2026-03-19 22:42:45', 'YYYY-MM-DD HH24:MI:SS'), 0, 0, 0, 0, 0, 'UNKNOWN', 'PENDING', 'TRUNG', 'farm-trung');
INSERT INTO qc_record (qc_id, source_type, reference_id, inspector_name, brix_level, ph_level, pesticide_residue_check, final_grade, checked_at, pass_status, notes, sample_size, defects_found, quality_score, appearance_grade, region, site_id) VALUES ('QCPROD-93e7d000', 'PRODUCT', 'LOT-ca829a5b', 'QC Lab', 5.6, 6.5, 'PASS', 'PREMIUM', TO_DATE('2026-03-20 02:42:45', 'YYYY-MM-DD HH24:MI:SS'), 'PASS', 'None', 0, 0, 0, 'UNKNOWN', 'TRUNG', 'farm-trung');

-- Data for transport_ticket
INSERT INTO transport_ticket (transport_id, source_type, source_ticket_id, destination_warehouse_id, driver, vehicle, depart_time, arrive_time, status, region, site_id) VALUES ('TRANS-62b77a68', 'PURCHASE', 'P_TICKET-519e13da', 'WH-808efad8', 'Ngo Gia T', 'Truck-31', TO_DATE('2026-01-10 03:00:00', 'YYYY-MM-DD HH24:MI:SS'), TO_DATE('2026-01-10 04:00:00', 'YYYY-MM-DD HH24:MI:SS'), 'Delivered', 'TRUNG', 'farm-trung');
INSERT INTO transport_ticket (transport_id, source_type, source_ticket_id, destination_warehouse_id, driver, vehicle, depart_time, arrive_time, status, region, site_id) VALUES ('TRANS-f1a32659', 'PURCHASE', 'P_TICKET-35f61084', 'WH-808efad8', 'Ngo Gia T', 'Truck-19', TO_DATE('2026-03-02 03:00:00', 'YYYY-MM-DD HH24:MI:SS'), TO_DATE('2026-03-02 04:00:00', 'YYYY-MM-DD HH24:MI:SS'), 'Delivered', 'TRUNG', 'farm-trung');
INSERT INTO transport_ticket (transport_id, source_type, source_ticket_id, destination_warehouse_id, driver, vehicle, depart_time, arrive_time, status, region, site_id) VALUES ('TRANS-e8997dda', 'PURCHASE', 'P_TICKET-d1cad456', 'WH-808efad8', 'Le Hong P', 'Truck-38', TO_DATE('2026-03-21 03:00:00', 'YYYY-MM-DD HH24:MI:SS'), TO_DATE('2026-03-21 04:00:00', 'YYYY-MM-DD HH24:MI:SS'), 'Delivered', 'TRUNG', 'farm-trung');
INSERT INTO transport_ticket (transport_id, source_type, source_ticket_id, destination_warehouse_id, driver, vehicle, depart_time, arrive_time, status, region, site_id) VALUES ('TRANS-b1a4a77b', 'PURCHASE', 'P_TICKET-a0665ca0', 'WH-808efad8', 'Le Hong P', 'Truck-75', TO_DATE('2026-05-10 03:00:00', 'YYYY-MM-DD HH24:MI:SS'), TO_DATE('2026-05-10 04:00:00', 'YYYY-MM-DD HH24:MI:SS'), 'Delivered', 'TRUNG', 'farm-trung');
INSERT INTO transport_ticket (transport_id, source_type, source_ticket_id, destination_warehouse_id, driver, vehicle, depart_time, arrive_time, status, region, site_id) VALUES ('TRANS-292f1af5', 'PURCHASE', 'P_TICKET-8ccbde24', 'WH-808efad8', 'Ngo Gia T', 'Truck-73', TO_DATE('2025-11-03 03:00:00', 'YYYY-MM-DD HH24:MI:SS'), TO_DATE('2025-11-03 04:00:00', 'YYYY-MM-DD HH24:MI:SS'), 'Delivered', 'TRUNG', 'farm-trung');
INSERT INTO transport_ticket (transport_id, source_type, source_ticket_id, destination_warehouse_id, driver, vehicle, depart_time, arrive_time, status, region, site_id) VALUES ('TRANS-3c5c22dd', 'PURCHASE', 'P_TICKET-4b4bda4c', 'WH-808efad8', 'Le Hong P', 'Truck-21', TO_DATE('2025-12-19 03:00:00', 'YYYY-MM-DD HH24:MI:SS'), TO_DATE('2025-12-19 04:00:00', 'YYYY-MM-DD HH24:MI:SS'), 'Delivered', 'TRUNG', 'farm-trung');
INSERT INTO transport_ticket (transport_id, source_type, source_ticket_id, destination_warehouse_id, driver, vehicle, depart_time, arrive_time, status, region, site_id) VALUES ('TRANS-01bf45aa', 'PURCHASE', 'P_TICKET-0076fd78', 'WH-808efad8', 'Ngo Gia T', 'Truck-81', TO_DATE('2025-11-05 03:00:00', 'YYYY-MM-DD HH24:MI:SS'), TO_DATE('2025-11-05 04:00:00', 'YYYY-MM-DD HH24:MI:SS'), 'Delivered', 'TRUNG', 'farm-trung');
INSERT INTO transport_ticket (transport_id, source_type, source_ticket_id, destination_warehouse_id, driver, vehicle, depart_time, arrive_time, status, region, site_id) VALUES ('TRANS-c5bef8f5', 'PURCHASE', 'P_TICKET-43bceabc', 'WH-808efad8', 'Ngo Gia T', 'Truck-69', TO_DATE('2026-03-06 03:00:00', 'YYYY-MM-DD HH24:MI:SS'), TO_DATE('2026-03-06 04:00:00', 'YYYY-MM-DD HH24:MI:SS'), 'Delivered', 'TRUNG', 'farm-trung');
INSERT INTO transport_ticket (transport_id, source_type, source_ticket_id, destination_warehouse_id, driver, vehicle, depart_time, arrive_time, status, region, site_id) VALUES ('TRANS-2677ed84', 'PURCHASE', 'P_TICKET-c002d435', 'WH-808efad8', 'Ngo Gia T', 'Truck-67', TO_DATE('2026-03-21 03:00:00', 'YYYY-MM-DD HH24:MI:SS'), TO_DATE('2026-03-21 04:00:00', 'YYYY-MM-DD HH24:MI:SS'), 'Delivered', 'TRUNG', 'farm-trung');

-- Data for inventory
INSERT INTO inventory (inventory_id, warehouse_id, inventory_type, item_id, lot_number, origin_source, origin_ref_id, quantity_kg, updated_at, region, site_id) VALUES ('INV-c9f174e4', 'WH-808efad8', 'INGREDIENT', 'ING-475d367d', 'BATCH-2-1-6f77e27f', 'PURCHASE', 'BATCH-2-1-6f77e27f', 1000.6940238050968, TO_DATE('2026-01-10 04:00:00', 'YYYY-MM-DD HH24:MI:SS'), 'TRUNG', 'farm-trung');
INSERT INTO inventory (inventory_id, warehouse_id, inventory_type, item_id, lot_number, origin_source, origin_ref_id, quantity_kg, updated_at, region, site_id) VALUES ('INV-24fc15d8', 'WH-808efad8', 'INGREDIENT', 'ING-fba48445', 'BATCH-3-1-1fbc8321', 'PURCHASE', 'BATCH-3-1-1fbc8321', 1696.890512304203, TO_DATE('2026-03-02 04:00:00', 'YYYY-MM-DD HH24:MI:SS'), 'TRUNG', 'farm-trung');
INSERT INTO inventory (inventory_id, warehouse_id, inventory_type, item_id, lot_number, origin_source, origin_ref_id, quantity_kg, updated_at, region, site_id) VALUES ('INV-e1b90179', 'WH-808efad8', 'INGREDIENT', 'ING-fba48445', 'BATCH-3-2-73eeb07c', 'PURCHASE', 'BATCH-3-2-73eeb07c', 1699.4159111599058, TO_DATE('2026-03-21 04:00:00', 'YYYY-MM-DD HH24:MI:SS'), 'TRUNG', 'farm-trung');
INSERT INTO inventory (inventory_id, warehouse_id, inventory_type, item_id, lot_number, origin_source, origin_ref_id, quantity_kg, updated_at, region, site_id) VALUES ('INV-dbd026c8', 'WH-808efad8', 'INGREDIENT', 'ING-fba48445', 'BATCH-3-3-43f36e8f', 'PURCHASE', 'BATCH-3-3-43f36e8f', 1650.2330108462693, TO_DATE('2026-05-10 04:00:00', 'YYYY-MM-DD HH24:MI:SS'), 'TRUNG', 'farm-trung');
INSERT INTO inventory (inventory_id, warehouse_id, inventory_type, item_id, lot_number, origin_source, origin_ref_id, quantity_kg, updated_at, region, site_id) VALUES ('INV-381392be', 'WH-808efad8', 'INGREDIENT', 'ING-d633f02e', 'BATCH-5-4-654aeb32', 'PURCHASE', 'BATCH-5-4-654aeb32', 125.43604881098902, TO_DATE('2025-11-03 04:00:00', 'YYYY-MM-DD HH24:MI:SS'), 'TRUNG', 'farm-trung');
INSERT INTO inventory (inventory_id, warehouse_id, inventory_type, item_id, lot_number, origin_source, origin_ref_id, quantity_kg, updated_at, region, site_id) VALUES ('INV-705f6459', 'WH-808efad8', 'INGREDIENT', 'ING-475d367d', 'BATCH-7-1-211189f9', 'PURCHASE', 'BATCH-7-1-211189f9', 335.0208964851233, TO_DATE('2025-12-19 04:00:00', 'YYYY-MM-DD HH24:MI:SS'), 'TRUNG', 'farm-trung');
INSERT INTO inventory (inventory_id, warehouse_id, inventory_type, item_id, lot_number, origin_source, origin_ref_id, quantity_kg, updated_at, region, site_id) VALUES ('INV-c30790dc', 'WH-808efad8', 'INGREDIENT', 'ING-8bc77c46', 'BATCH-9-1-734a501b', 'PURCHASE', 'BATCH-9-1-734a501b', 2528.4667408362375, TO_DATE('2025-11-05 04:00:00', 'YYYY-MM-DD HH24:MI:SS'), 'TRUNG', 'farm-trung');
INSERT INTO inventory (inventory_id, warehouse_id, inventory_type, item_id, lot_number, origin_source, origin_ref_id, quantity_kg, updated_at, region, site_id) VALUES ('INV-61a1ac56', 'WH-808efad8', 'INGREDIENT', 'ING-475d367d', 'BATCH-10-1-01f9c8ce', 'PURCHASE', 'BATCH-10-1-01f9c8ce', 246.60853461035074, TO_DATE('2026-03-06 04:00:00', 'YYYY-MM-DD HH24:MI:SS'), 'TRUNG', 'farm-trung');
INSERT INTO inventory (inventory_id, warehouse_id, inventory_type, item_id, lot_number, origin_source, origin_ref_id, quantity_kg, updated_at, region, site_id) VALUES ('INV-86e283b7', 'WH-808efad8', 'INGREDIENT', 'ING-475d367d', 'BATCH-10-2-30b3a6cf', 'PURCHASE', 'BATCH-10-2-30b3a6cf', 253.51998951882575, TO_DATE('2026-03-21 04:00:00', 'YYYY-MM-DD HH24:MI:SS'), 'TRUNG', 'farm-trung');
INSERT INTO inventory (inventory_id, warehouse_id, inventory_type, item_id, lot_number, origin_source, origin_ref_id, quantity_kg, updated_at, region, site_id) VALUES ('INV-FG-781d1e87', 'WH-913536b9', 'PRODUCT', 'PROD-c54e65ac', 'LOT-8bca676f', 'PRODUCTION', 'LOT-8bca676f', 131.30291764637212, TO_DATE('2026-03-19 03:12:45', 'YYYY-MM-DD HH24:MI:SS'), 'TRUNG', 'farm-trung');
INSERT INTO inventory (inventory_id, warehouse_id, inventory_type, item_id, lot_number, origin_source, origin_ref_id, quantity_kg, updated_at, region, site_id) VALUES ('INV-FG-0e2f8725', 'WH-913536b9', 'PRODUCT', 'PROD-215f8a55', 'LOT-44333c01', 'PRODUCTION', 'LOT-44333c01', 161.75419003610074, TO_DATE('2026-03-19 03:12:45', 'YYYY-MM-DD HH24:MI:SS'), 'TRUNG', 'farm-trung');
INSERT INTO inventory (inventory_id, warehouse_id, inventory_type, item_id, lot_number, origin_source, origin_ref_id, quantity_kg, updated_at, region, site_id) VALUES ('INV-FG-e5fc221c', 'WH-913536b9', 'PRODUCT', 'PROD-c54e65ac', 'LOT-dcdccf78', 'PRODUCTION', 'LOT-dcdccf78', 110.61474954723752, TO_DATE('2026-03-17 03:12:45', 'YYYY-MM-DD HH24:MI:SS'), 'TRUNG', 'farm-trung');
INSERT INTO inventory (inventory_id, warehouse_id, inventory_type, item_id, lot_number, origin_source, origin_ref_id, quantity_kg, updated_at, region, site_id) VALUES ('INV-FG-697c4892', 'WH-913536b9', 'PRODUCT', 'PROD-c54e65ac', 'LOT-10803f9b', 'PRODUCTION', 'LOT-10803f9b', 46.02234937788875, TO_DATE('2026-03-19 03:12:45', 'YYYY-MM-DD HH24:MI:SS'), 'TRUNG', 'farm-trung');
INSERT INTO inventory (inventory_id, warehouse_id, inventory_type, item_id, lot_number, origin_source, origin_ref_id, quantity_kg, updated_at, region, site_id) VALUES ('INV-FG-ee79aa91', 'WH-913536b9', 'PRODUCT', 'PROD-215f8a55', 'LOT-bde4eff2', 'PRODUCTION', 'LOT-bde4eff2', 52.28547142477678, TO_DATE('2026-03-18 03:12:45', 'YYYY-MM-DD HH24:MI:SS'), 'TRUNG', 'farm-trung');
INSERT INTO inventory (inventory_id, warehouse_id, inventory_type, item_id, lot_number, origin_source, origin_ref_id, quantity_kg, updated_at, region, site_id) VALUES ('INV-FG-e763e9a2', 'WH-913536b9', 'PRODUCT', 'PROD-215f8a55', 'LOT-5d633a2c', 'PRODUCTION', 'LOT-5d633a2c', 55.23585021369001, TO_DATE('2026-03-17 03:12:45', 'YYYY-MM-DD HH24:MI:SS'), 'TRUNG', 'farm-trung');
INSERT INTO inventory (inventory_id, warehouse_id, inventory_type, item_id, lot_number, origin_source, origin_ref_id, quantity_kg, updated_at, region, site_id) VALUES ('INV-FG-7a9f0d80', 'WH-913536b9', 'PRODUCT', 'PROD-215f8a55', 'LOT-a5327366', 'PRODUCTION', 'LOT-a5327366', 46.877014655430926, TO_DATE('2026-03-17 03:12:45', 'YYYY-MM-DD HH24:MI:SS'), 'TRUNG', 'farm-trung');
INSERT INTO inventory (inventory_id, warehouse_id, inventory_type, item_id, lot_number, origin_source, origin_ref_id, quantity_kg, updated_at, region, site_id) VALUES ('INV-FG-00afe5c9', 'WH-913536b9', 'PRODUCT', 'PROD-c54e65ac', 'LOT-ae9608b3', 'PRODUCTION', 'LOT-ae9608b3', 47.883317036908416, TO_DATE('2026-03-18 03:12:45', 'YYYY-MM-DD HH24:MI:SS'), 'TRUNG', 'farm-trung');
INSERT INTO inventory (inventory_id, warehouse_id, inventory_type, item_id, lot_number, origin_source, origin_ref_id, quantity_kg, updated_at, region, site_id) VALUES ('INV-FG-b32594c2', 'WH-913536b9', 'PRODUCT', 'PROD-c54e65ac', 'LOT-56562ee9', 'PRODUCTION', 'LOT-56562ee9', 58.724958989487575, TO_DATE('2026-03-18 03:12:45', 'YYYY-MM-DD HH24:MI:SS'), 'TRUNG', 'farm-trung');
INSERT INTO inventory (inventory_id, warehouse_id, inventory_type, item_id, lot_number, origin_source, origin_ref_id, quantity_kg, updated_at, region, site_id) VALUES ('INV-FG-ffd69d93', 'WH-913536b9', 'PRODUCT', 'PROD-c54e65ac', 'LOT-4598bbb5', 'PRODUCTION', 'LOT-4598bbb5', 150.68215374449085, TO_DATE('2026-03-18 03:12:45', 'YYYY-MM-DD HH24:MI:SS'), 'TRUNG', 'farm-trung');
INSERT INTO inventory (inventory_id, warehouse_id, inventory_type, item_id, lot_number, origin_source, origin_ref_id, quantity_kg, updated_at, region, site_id) VALUES ('INV-FG-8266067e', 'WH-913536b9', 'PRODUCT', 'PROD-215f8a55', 'LOT-ca829a5b', 'PRODUCTION', 'LOT-ca829a5b', 52.47533439631098, TO_DATE('2026-03-20 03:12:45', 'YYYY-MM-DD HH24:MI:SS'), 'TRUNG', 'farm-trung');


COMMIT;
