-- Oracle Seed Data Generation for NAM
SET DEFINE OFF;
ALTER SESSION SET NLS_DATE_FORMAT = 'YYYY-MM-DD HH24:MI:SS';

-- CLEANUP
DELETE FROM qc_record;
DELETE FROM transport_ticket;
DELETE FROM purchase_ticket;
DELETE FROM weighing_ticket;
DELETE FROM cultivation_log;
DELETE FROM sensor_data;
DELETE FROM inventory;
DELETE FROM production_lot;
DELETE FROM purchase_batch;
DELETE FROM iot_sensor;
DELETE FROM farm_bed;
DELETE FROM purchase_contract;
DELETE FROM farm_plot;
DELETE FROM product;
DELETE FROM ingredient;
DELETE FROM supplier;
DELETE FROM warehouse;
DELETE FROM farm;

-- Data for farm
INSERT INTO farm (farm_id, farm_name, location, region, site_id) VALUES ('FARM-33135282', 'FARM_SITE_NAM', 'Mien Nam', 'NAM', 'farm-nam');

-- Data for warehouse
INSERT INTO warehouse (warehouse_id, warehouse_name, location, capacity_ton, region, site_id) VALUES ('WH-f2c4f1d0', 'Cold Hub Nam', 'Cat Lai', 65.0, 'NAM', 'farm-nam');
INSERT INTO warehouse (warehouse_id, warehouse_name, location, capacity_ton, region, site_id) VALUES ('WH-1fe27a1c', 'Dry Hub Nam', 'Long Hau', 130.0, 'NAM', 'farm-nam');

-- Data for supplier
INSERT INTO supplier (supplier_id, supplier_name, supplier_type, phone, address, region, site_id) VALUES ('SUP-9a3ab47a', 'AgriTech Nam', 'Materials', '0909333001', 'HCM', 'NAM', 'farm-nam');
INSERT INTO supplier (supplier_id, supplier_name, supplier_type, phone, address, region, site_id) VALUES ('SUP-bf4fda9c', 'Green Seeds Nam', 'Seeds', '0909333002', 'Dong Nai', 'NAM', 'farm-nam');
INSERT INTO supplier (supplier_id, supplier_name, supplier_type, phone, address, region, site_id) VALUES ('SUP-44a28dca', 'BioChem Nam', 'Chemicals', '0909333003', 'Can Tho', 'NAM', 'farm-nam');

-- Data for ingredient
INSERT INTO ingredient (ingredient_id, name, region, site_id) VALUES ('ING-0dae971b', 'Coconut Husk Substrate', 'NAM', 'farm-nam');
INSERT INTO ingredient (ingredient_id, name, region, site_id) VALUES ('ING-61961df2', 'Organic PK Booster', 'NAM', 'farm-nam');
INSERT INTO ingredient (ingredient_id, name, region, site_id) VALUES ('ING-89d35f5c', 'Biological Fungicide', 'NAM', 'farm-nam');
INSERT INTO ingredient (ingredient_id, name, region, site_id) VALUES ('ING-9465f939', 'Micro Sprinkler Set', 'NAM', 'farm-nam');

-- Data for product
INSERT INTO product (product_id, product_name, ingredient_id, region, site_id) VALUES ('PROD-d0ff5143', 'Fresh Aloe Vera - Nam', 'ING-0dae971b', 'NAM', 'farm-nam');
INSERT INTO product (product_id, product_name, ingredient_id, region, site_id) VALUES ('PROD-a9dfcff6', 'Aloe Vera Juice - Nam', 'ING-0dae971b', 'NAM', 'farm-nam');

-- Data for farm_plot
INSERT INTO farm_plot (plot_id, farm_id, plot_name, crop_type, area_m2, region, site_id) VALUES ('PLOT-A-03ea21c8', 'FARM-33135282', 'Zone A', 'Hydroponic', 500.0, 'NAM', 'farm-nam');
INSERT INTO farm_plot (plot_id, farm_id, plot_name, crop_type, area_m2, region, site_id) VALUES ('PLOT-B-3e9d3469', 'FARM-33135282', 'Zone B', 'Soil', 500.0, 'NAM', 'farm-nam');
INSERT INTO farm_plot (plot_id, farm_id, plot_name, crop_type, area_m2, region, site_id) VALUES ('PLOT-C-d83559bd', 'FARM-33135282', 'Zone C', 'Greenhouse', 1000.0, 'NAM', 'farm-nam');
INSERT INTO farm_plot (plot_id, farm_id, plot_name, crop_type, area_m2, region, site_id) VALUES ('PLOT-D-8b6d31a0', 'FARM-33135282', 'Zone D', 'Outdoor', 500.0, 'NAM', 'farm-nam');

-- Data for farm_bed
INSERT INTO farm_bed (bed_id, plot_id, bed_number, planting_date, status, region, site_id) VALUES ('BED-A1-d19d2198', 'PLOT-A-03ea21c8', 1, TO_DATE('2026-02-12 00:00:00', 'YYYY-MM-DD HH24:MI:SS'), 'Planted', 'NAM', 'farm-nam');
INSERT INTO farm_bed (bed_id, plot_id, bed_number, planting_date, status, region, site_id) VALUES ('BED-A2-32f9861b', 'PLOT-A-03ea21c8', 2, TO_DATE('2026-02-02 00:00:00', 'YYYY-MM-DD HH24:MI:SS'), 'Planted', 'NAM', 'farm-nam');
INSERT INTO farm_bed (bed_id, plot_id, bed_number, planting_date, status, region, site_id) VALUES ('BED-A3-72179f61', 'PLOT-A-03ea21c8', 3, TO_DATE('2026-03-16 00:00:00', 'YYYY-MM-DD HH24:MI:SS'), 'Empty', 'NAM', 'farm-nam');
INSERT INTO farm_bed (bed_id, plot_id, bed_number, planting_date, status, region, site_id) VALUES ('BED-A4-7273f46b', 'PLOT-A-03ea21c8', 4, TO_DATE('2026-02-02 00:00:00', 'YYYY-MM-DD HH24:MI:SS'), 'Growing', 'NAM', 'farm-nam');
INSERT INTO farm_bed (bed_id, plot_id, bed_number, planting_date, status, region, site_id) VALUES ('BED-A5-739512a5', 'PLOT-A-03ea21c8', 5, TO_DATE('2026-02-11 00:00:00', 'YYYY-MM-DD HH24:MI:SS'), 'Empty', 'NAM', 'farm-nam');
INSERT INTO farm_bed (bed_id, plot_id, bed_number, planting_date, status, region, site_id) VALUES ('BED-B1-9bc67704', 'PLOT-B-3e9d3469', 1, TO_DATE('2026-01-23 00:00:00', 'YYYY-MM-DD HH24:MI:SS'), 'Growing', 'NAM', 'farm-nam');
INSERT INTO farm_bed (bed_id, plot_id, bed_number, planting_date, status, region, site_id) VALUES ('BED-B2-43fe332a', 'PLOT-B-3e9d3469', 2, TO_DATE('2026-03-18 00:00:00', 'YYYY-MM-DD HH24:MI:SS'), 'Growing', 'NAM', 'farm-nam');
INSERT INTO farm_bed (bed_id, plot_id, bed_number, planting_date, status, region, site_id) VALUES ('BED-B3-53cc4a7f', 'PLOT-B-3e9d3469', 3, TO_DATE('2026-02-08 00:00:00', 'YYYY-MM-DD HH24:MI:SS'), 'Empty', 'NAM', 'farm-nam');
INSERT INTO farm_bed (bed_id, plot_id, bed_number, planting_date, status, region, site_id) VALUES ('BED-B4-403e47de', 'PLOT-B-3e9d3469', 4, TO_DATE('2026-03-20 00:00:00', 'YYYY-MM-DD HH24:MI:SS'), 'Planted', 'NAM', 'farm-nam');
INSERT INTO farm_bed (bed_id, plot_id, bed_number, planting_date, status, region, site_id) VALUES ('BED-B5-406f7b66', 'PLOT-B-3e9d3469', 5, TO_DATE('2026-03-04 00:00:00', 'YYYY-MM-DD HH24:MI:SS'), 'Harvestable', 'NAM', 'farm-nam');
INSERT INTO farm_bed (bed_id, plot_id, bed_number, planting_date, status, region, site_id) VALUES ('BED-C1-36148cdc', 'PLOT-C-d83559bd', 1, TO_DATE('2026-02-18 00:00:00', 'YYYY-MM-DD HH24:MI:SS'), 'Harvestable', 'NAM', 'farm-nam');
INSERT INTO farm_bed (bed_id, plot_id, bed_number, planting_date, status, region, site_id) VALUES ('BED-C2-4b14cba4', 'PLOT-C-d83559bd', 2, TO_DATE('2026-02-23 00:00:00', 'YYYY-MM-DD HH24:MI:SS'), 'Planted', 'NAM', 'farm-nam');
INSERT INTO farm_bed (bed_id, plot_id, bed_number, planting_date, status, region, site_id) VALUES ('BED-C3-78fbec26', 'PLOT-C-d83559bd', 3, TO_DATE('2026-01-25 00:00:00', 'YYYY-MM-DD HH24:MI:SS'), 'Growing', 'NAM', 'farm-nam');
INSERT INTO farm_bed (bed_id, plot_id, bed_number, planting_date, status, region, site_id) VALUES ('BED-C4-0c92013d', 'PLOT-C-d83559bd', 4, TO_DATE('2026-03-04 00:00:00', 'YYYY-MM-DD HH24:MI:SS'), 'Planted', 'NAM', 'farm-nam');
INSERT INTO farm_bed (bed_id, plot_id, bed_number, planting_date, status, region, site_id) VALUES ('BED-C5-44dea23a', 'PLOT-C-d83559bd', 5, TO_DATE('2026-03-02 00:00:00', 'YYYY-MM-DD HH24:MI:SS'), 'Harvestable', 'NAM', 'farm-nam');
INSERT INTO farm_bed (bed_id, plot_id, bed_number, planting_date, status, region, site_id) VALUES ('BED-D1-b00f35a5', 'PLOT-D-8b6d31a0', 1, TO_DATE('2026-03-15 00:00:00', 'YYYY-MM-DD HH24:MI:SS'), 'Empty', 'NAM', 'farm-nam');
INSERT INTO farm_bed (bed_id, plot_id, bed_number, planting_date, status, region, site_id) VALUES ('BED-D2-21f14030', 'PLOT-D-8b6d31a0', 2, TO_DATE('2026-01-20 00:00:00', 'YYYY-MM-DD HH24:MI:SS'), 'Planted', 'NAM', 'farm-nam');
INSERT INTO farm_bed (bed_id, plot_id, bed_number, planting_date, status, region, site_id) VALUES ('BED-D3-106095d9', 'PLOT-D-8b6d31a0', 3, TO_DATE('2026-03-04 00:00:00', 'YYYY-MM-DD HH24:MI:SS'), 'Planted', 'NAM', 'farm-nam');
INSERT INTO farm_bed (bed_id, plot_id, bed_number, planting_date, status, region, site_id) VALUES ('BED-D4-fa307318', 'PLOT-D-8b6d31a0', 4, TO_DATE('2026-02-22 00:00:00', 'YYYY-MM-DD HH24:MI:SS'), 'Empty', 'NAM', 'farm-nam');
INSERT INTO farm_bed (bed_id, plot_id, bed_number, planting_date, status, region, site_id) VALUES ('BED-D5-4bef56b0', 'PLOT-D-8b6d31a0', 5, TO_DATE('2026-02-02 00:00:00', 'YYYY-MM-DD HH24:MI:SS'), 'Empty', 'NAM', 'farm-nam');

-- Data for iot_sensor
INSERT INTO iot_sensor (sensor_id, plot_id, sensor_type, manufacturer, status, installed_at, region, site_id) VALUES ('SENS-A-fbe7cf6e', 'PLOT-A-03ea21c8', 'Multi-Environment', 'Xiaomi', 'Online', TO_DATE('2025-12-11 22:12:45', 'YYYY-MM-DD HH24:MI:SS'), 'NAM', 'farm-nam');
INSERT INTO iot_sensor (sensor_id, plot_id, sensor_type, manufacturer, status, installed_at, region, site_id) VALUES ('SENS-B-ae3da0b4', 'PLOT-B-3e9d3469', 'Multi-Environment', 'Xiaomi', 'Online', TO_DATE('2025-12-11 22:12:45', 'YYYY-MM-DD HH24:MI:SS'), 'NAM', 'farm-nam');
INSERT INTO iot_sensor (sensor_id, plot_id, sensor_type, manufacturer, status, installed_at, region, site_id) VALUES ('SENS-C-aaa20511', 'PLOT-C-d83559bd', 'Multi-Environment', 'Xiaomi', 'Online', TO_DATE('2025-12-11 22:12:45', 'YYYY-MM-DD HH24:MI:SS'), 'NAM', 'farm-nam');
INSERT INTO iot_sensor (sensor_id, plot_id, sensor_type, manufacturer, status, installed_at, region, site_id) VALUES ('SENS-D-a0b35553', 'PLOT-D-8b6d31a0', 'Multi-Environment', 'Xiaomi', 'Online', TO_DATE('2025-12-11 22:12:45', 'YYYY-MM-DD HH24:MI:SS'), 'NAM', 'farm-nam');

-- Data for cultivation_log
INSERT INTO cultivation_log (log_id, bed_id, action, performed_by, notes, timestamp, region, site_id) VALUES ('LOG-7c236b66', 'BED-A1-d19d2198', 'Fertilizing', 'Nguyen Van A', 'Periodic Maintenance', TO_DATE('2026-03-01 22:12:45', 'YYYY-MM-DD HH24:MI:SS'), 'NAM', 'farm-nam');
INSERT INTO cultivation_log (log_id, bed_id, action, performed_by, notes, timestamp, region, site_id) VALUES ('LOG-e673c0db', 'BED-A2-32f9861b', 'Pruning', 'Nguyen Van A', 'Periodic Maintenance', TO_DATE('2026-02-20 22:12:45', 'YYYY-MM-DD HH24:MI:SS'), 'NAM', 'farm-nam');
INSERT INTO cultivation_log (log_id, bed_id, action, performed_by, notes, timestamp, region, site_id) VALUES ('LOG-0376033c', 'BED-A2-32f9861b', 'Pruning', 'Tran Van C', 'Periodic Maintenance', TO_DATE('2026-02-27 22:12:45', 'YYYY-MM-DD HH24:MI:SS'), 'NAM', 'farm-nam');
INSERT INTO cultivation_log (log_id, bed_id, action, performed_by, notes, timestamp, region, site_id) VALUES ('LOG-be0e2605', 'BED-A2-32f9861b', 'Pruning', 'Pham Thi D', 'Periodic Maintenance', TO_DATE('2026-03-01 22:12:45', 'YYYY-MM-DD HH24:MI:SS'), 'NAM', 'farm-nam');
INSERT INTO cultivation_log (log_id, bed_id, action, performed_by, notes, timestamp, region, site_id) VALUES ('LOG-98b3d8e0', 'BED-A2-32f9861b', 'Fertilizing', 'Le Thi B', 'Periodic Maintenance', TO_DATE('2026-03-06 22:12:45', 'YYYY-MM-DD HH24:MI:SS'), 'NAM', 'farm-nam');
INSERT INTO cultivation_log (log_id, bed_id, action, performed_by, notes, timestamp, region, site_id) VALUES ('LOG-ac2d9b53', 'BED-A4-7273f46b', 'Fertilizing', 'Nguyen Van A', 'Periodic Maintenance', TO_DATE('2026-03-08 22:12:45', 'YYYY-MM-DD HH24:MI:SS'), 'NAM', 'farm-nam');
INSERT INTO cultivation_log (log_id, bed_id, action, performed_by, notes, timestamp, region, site_id) VALUES ('LOG-aafd57e8', 'BED-B1-9bc67704', 'Watering', 'Nguyen Van A', 'Periodic Maintenance', TO_DATE('2026-02-21 22:12:45', 'YYYY-MM-DD HH24:MI:SS'), 'NAM', 'farm-nam');
INSERT INTO cultivation_log (log_id, bed_id, action, performed_by, notes, timestamp, region, site_id) VALUES ('LOG-619a787c', 'BED-B1-9bc67704', 'Watering', 'Tran Van C', 'Periodic Maintenance', TO_DATE('2026-02-27 22:12:45', 'YYYY-MM-DD HH24:MI:SS'), 'NAM', 'farm-nam');
INSERT INTO cultivation_log (log_id, bed_id, action, performed_by, notes, timestamp, region, site_id) VALUES ('LOG-4f6b4775', 'BED-B1-9bc67704', 'Fertilizing', 'Hoang Van E', 'Periodic Maintenance', TO_DATE('2026-03-10 22:12:45', 'YYYY-MM-DD HH24:MI:SS'), 'NAM', 'farm-nam');
INSERT INTO cultivation_log (log_id, bed_id, action, performed_by, notes, timestamp, region, site_id) VALUES ('LOG-c87a58d7', 'BED-B1-9bc67704', 'Pruning', 'Le Thi B', 'Periodic Maintenance', TO_DATE('2026-02-26 22:12:45', 'YYYY-MM-DD HH24:MI:SS'), 'NAM', 'farm-nam');
INSERT INTO cultivation_log (log_id, bed_id, action, performed_by, notes, timestamp, region, site_id) VALUES ('LOG-a144634f', 'BED-B2-43fe332a', 'Pest Control', 'Pham Thi D', 'Periodic Maintenance', TO_DATE('2026-02-27 22:12:45', 'YYYY-MM-DD HH24:MI:SS'), 'NAM', 'farm-nam');
INSERT INTO cultivation_log (log_id, bed_id, action, performed_by, notes, timestamp, region, site_id) VALUES ('LOG-829e48ef', 'BED-B2-43fe332a', 'Watering', 'Hoang Van E', 'Periodic Maintenance', TO_DATE('2026-03-13 22:12:45', 'YYYY-MM-DD HH24:MI:SS'), 'NAM', 'farm-nam');
INSERT INTO cultivation_log (log_id, bed_id, action, performed_by, notes, timestamp, region, site_id) VALUES ('LOG-1ab42cde', 'BED-B2-43fe332a', 'Watering', 'Tran Van C', 'Periodic Maintenance', TO_DATE('2026-03-19 22:12:45', 'YYYY-MM-DD HH24:MI:SS'), 'NAM', 'farm-nam');
INSERT INTO cultivation_log (log_id, bed_id, action, performed_by, notes, timestamp, region, site_id) VALUES ('LOG-805d1804', 'BED-B2-43fe332a', 'Pruning', 'Nguyen Van A', 'Periodic Maintenance', TO_DATE('2026-02-27 22:12:45', 'YYYY-MM-DD HH24:MI:SS'), 'NAM', 'farm-nam');
INSERT INTO cultivation_log (log_id, bed_id, action, performed_by, notes, timestamp, region, site_id) VALUES ('LOG-7b65cf13', 'BED-B4-403e47de', 'Watering', 'Pham Thi D', 'Periodic Maintenance', TO_DATE('2026-02-22 22:12:45', 'YYYY-MM-DD HH24:MI:SS'), 'NAM', 'farm-nam');
INSERT INTO cultivation_log (log_id, bed_id, action, performed_by, notes, timestamp, region, site_id) VALUES ('LOG-a5a5932c', 'BED-B4-403e47de', 'Watering', 'Le Thi B', 'Periodic Maintenance', TO_DATE('2026-03-05 22:12:45', 'YYYY-MM-DD HH24:MI:SS'), 'NAM', 'farm-nam');
INSERT INTO cultivation_log (log_id, bed_id, action, performed_by, notes, timestamp, region, site_id) VALUES ('LOG-7e078b05', 'BED-B4-403e47de', 'Pest Control', 'Le Thi B', 'Periodic Maintenance', TO_DATE('2026-03-17 22:12:45', 'YYYY-MM-DD HH24:MI:SS'), 'NAM', 'farm-nam');
INSERT INTO cultivation_log (log_id, bed_id, action, performed_by, notes, timestamp, region, site_id) VALUES ('LOG-5d89cc81', 'BED-B5-406f7b66', 'Fertilizing', 'Hoang Van E', 'Periodic Maintenance', TO_DATE('2026-03-10 22:12:45', 'YYYY-MM-DD HH24:MI:SS'), 'NAM', 'farm-nam');
INSERT INTO cultivation_log (log_id, bed_id, action, performed_by, notes, timestamp, region, site_id) VALUES ('LOG-fb23c96d', 'BED-B5-406f7b66', 'Pruning', 'Tran Van C', 'Periodic Maintenance', TO_DATE('2026-03-11 22:12:45', 'YYYY-MM-DD HH24:MI:SS'), 'NAM', 'farm-nam');
INSERT INTO cultivation_log (log_id, bed_id, action, performed_by, notes, timestamp, region, site_id) VALUES ('LOG-2ae9df26', 'BED-C1-36148cdc', 'Pruning', 'Hoang Van E', 'Periodic Maintenance', TO_DATE('2026-02-23 22:12:45', 'YYYY-MM-DD HH24:MI:SS'), 'NAM', 'farm-nam');
INSERT INTO cultivation_log (log_id, bed_id, action, performed_by, notes, timestamp, region, site_id) VALUES ('LOG-eda00aec', 'BED-C1-36148cdc', 'Pest Control', 'Nguyen Van A', 'Periodic Maintenance', TO_DATE('2026-02-25 22:12:45', 'YYYY-MM-DD HH24:MI:SS'), 'NAM', 'farm-nam');
INSERT INTO cultivation_log (log_id, bed_id, action, performed_by, notes, timestamp, region, site_id) VALUES ('LOG-f03131c9', 'BED-C1-36148cdc', 'Watering', 'Hoang Van E', 'Periodic Maintenance', TO_DATE('2026-03-11 22:12:45', 'YYYY-MM-DD HH24:MI:SS'), 'NAM', 'farm-nam');
INSERT INTO cultivation_log (log_id, bed_id, action, performed_by, notes, timestamp, region, site_id) VALUES ('LOG-375264fd', 'BED-C1-36148cdc', 'Pruning', 'Le Thi B', 'Periodic Maintenance', TO_DATE('2026-03-13 22:12:45', 'YYYY-MM-DD HH24:MI:SS'), 'NAM', 'farm-nam');
INSERT INTO cultivation_log (log_id, bed_id, action, performed_by, notes, timestamp, region, site_id) VALUES ('LOG-2d5036ca', 'BED-C2-4b14cba4', 'Fertilizing', 'Pham Thi D', 'Periodic Maintenance', TO_DATE('2026-03-21 22:12:45', 'YYYY-MM-DD HH24:MI:SS'), 'NAM', 'farm-nam');
INSERT INTO cultivation_log (log_id, bed_id, action, performed_by, notes, timestamp, region, site_id) VALUES ('LOG-aecd1d27', 'BED-C2-4b14cba4', 'Fertilizing', 'Pham Thi D', 'Periodic Maintenance', TO_DATE('2026-03-18 22:12:45', 'YYYY-MM-DD HH24:MI:SS'), 'NAM', 'farm-nam');
INSERT INTO cultivation_log (log_id, bed_id, action, performed_by, notes, timestamp, region, site_id) VALUES ('LOG-eaff7236', 'BED-C3-78fbec26', 'Fertilizing', 'Tran Van C', 'Periodic Maintenance', TO_DATE('2026-03-04 22:12:45', 'YYYY-MM-DD HH24:MI:SS'), 'NAM', 'farm-nam');
INSERT INTO cultivation_log (log_id, bed_id, action, performed_by, notes, timestamp, region, site_id) VALUES ('LOG-8abbafae', 'BED-C3-78fbec26', 'Fertilizing', 'Pham Thi D', 'Periodic Maintenance', TO_DATE('2026-03-20 22:12:45', 'YYYY-MM-DD HH24:MI:SS'), 'NAM', 'farm-nam');
INSERT INTO cultivation_log (log_id, bed_id, action, performed_by, notes, timestamp, region, site_id) VALUES ('LOG-08c92dd1', 'BED-C3-78fbec26', 'Pruning', 'Hoang Van E', 'Periodic Maintenance', TO_DATE('2026-02-28 22:12:45', 'YYYY-MM-DD HH24:MI:SS'), 'NAM', 'farm-nam');
INSERT INTO cultivation_log (log_id, bed_id, action, performed_by, notes, timestamp, region, site_id) VALUES ('LOG-5a400e86', 'BED-C4-0c92013d', 'Watering', 'Tran Van C', 'Periodic Maintenance', TO_DATE('2026-03-19 22:12:45', 'YYYY-MM-DD HH24:MI:SS'), 'NAM', 'farm-nam');
INSERT INTO cultivation_log (log_id, bed_id, action, performed_by, notes, timestamp, region, site_id) VALUES ('LOG-7748d77e', 'BED-C5-44dea23a', 'Fertilizing', 'Pham Thi D', 'Periodic Maintenance', TO_DATE('2026-02-20 22:12:45', 'YYYY-MM-DD HH24:MI:SS'), 'NAM', 'farm-nam');
INSERT INTO cultivation_log (log_id, bed_id, action, performed_by, notes, timestamp, region, site_id) VALUES ('LOG-0f3cf012', 'BED-C5-44dea23a', 'Watering', 'Le Thi B', 'Periodic Maintenance', TO_DATE('2026-03-18 22:12:45', 'YYYY-MM-DD HH24:MI:SS'), 'NAM', 'farm-nam');
INSERT INTO cultivation_log (log_id, bed_id, action, performed_by, notes, timestamp, region, site_id) VALUES ('LOG-d33ce28a', 'BED-C5-44dea23a', 'Watering', 'Nguyen Van A', 'Periodic Maintenance', TO_DATE('2026-03-11 22:12:45', 'YYYY-MM-DD HH24:MI:SS'), 'NAM', 'farm-nam');
INSERT INTO cultivation_log (log_id, bed_id, action, performed_by, notes, timestamp, region, site_id) VALUES ('LOG-cdb92755', 'BED-C5-44dea23a', 'Fertilizing', 'Hoang Van E', 'Periodic Maintenance', TO_DATE('2026-03-12 22:12:45', 'YYYY-MM-DD HH24:MI:SS'), 'NAM', 'farm-nam');
INSERT INTO cultivation_log (log_id, bed_id, action, performed_by, notes, timestamp, region, site_id) VALUES ('LOG-84e43076', 'BED-D2-21f14030', 'Fertilizing', 'Hoang Van E', 'Periodic Maintenance', TO_DATE('2026-03-21 22:12:45', 'YYYY-MM-DD HH24:MI:SS'), 'NAM', 'farm-nam');
INSERT INTO cultivation_log (log_id, bed_id, action, performed_by, notes, timestamp, region, site_id) VALUES ('LOG-92cd8599', 'BED-D2-21f14030', 'Fertilizing', 'Pham Thi D', 'Periodic Maintenance', TO_DATE('2026-03-16 22:12:45', 'YYYY-MM-DD HH24:MI:SS'), 'NAM', 'farm-nam');
INSERT INTO cultivation_log (log_id, bed_id, action, performed_by, notes, timestamp, region, site_id) VALUES ('LOG-ddc4b4a6', 'BED-D3-106095d9', 'Watering', 'Nguyen Van A', 'Periodic Maintenance', TO_DATE('2026-03-04 22:12:45', 'YYYY-MM-DD HH24:MI:SS'), 'NAM', 'farm-nam');
INSERT INTO cultivation_log (log_id, bed_id, action, performed_by, notes, timestamp, region, site_id) VALUES ('LOG-63b6de31', 'BED-D3-106095d9', 'Pest Control', 'Le Thi B', 'Periodic Maintenance', TO_DATE('2026-03-19 22:12:45', 'YYYY-MM-DD HH24:MI:SS'), 'NAM', 'farm-nam');

-- Data for sensor_data
INSERT INTO sensor_data (data_id, sensor_id, temperature, humidity, soil_moisture, light_intensity, recorded_at, region, site_id) VALUES ('DATA-0331d61b', 'SENS-A-fbe7cf6e', 32.2, 59.9, 31.6, 2623.2, TO_DATE('2026-03-21 22:12:45', 'YYYY-MM-DD HH24:MI:SS'), 'NAM', 'farm-nam');
INSERT INTO sensor_data (data_id, sensor_id, temperature, humidity, soil_moisture, light_intensity, recorded_at, region, site_id) VALUES ('DATA-b20fe722', 'SENS-A-fbe7cf6e', 29.9, 55.6, 47.1, 4682.8, TO_DATE('2026-03-21 20:12:45', 'YYYY-MM-DD HH24:MI:SS'), 'NAM', 'farm-nam');
INSERT INTO sensor_data (data_id, sensor_id, temperature, humidity, soil_moisture, light_intensity, recorded_at, region, site_id) VALUES ('DATA-5d4622df', 'SENS-A-fbe7cf6e', 24.5, 86.6, 71.8, 4435.5, TO_DATE('2026-03-21 18:12:45', 'YYYY-MM-DD HH24:MI:SS'), 'NAM', 'farm-nam');
INSERT INTO sensor_data (data_id, sensor_id, temperature, humidity, soil_moisture, light_intensity, recorded_at, region, site_id) VALUES ('DATA-a3685d8a', 'SENS-A-fbe7cf6e', 31.6, 70.1, 57.1, 2553.5, TO_DATE('2026-03-21 16:12:45', 'YYYY-MM-DD HH24:MI:SS'), 'NAM', 'farm-nam');
INSERT INTO sensor_data (data_id, sensor_id, temperature, humidity, soil_moisture, light_intensity, recorded_at, region, site_id) VALUES ('DATA-793a8c46', 'SENS-A-fbe7cf6e', 29.1, 70.3, 50.6, 3327.5, TO_DATE('2026-03-21 14:12:45', 'YYYY-MM-DD HH24:MI:SS'), 'NAM', 'farm-nam');
INSERT INTO sensor_data (data_id, sensor_id, temperature, humidity, soil_moisture, light_intensity, recorded_at, region, site_id) VALUES ('DATA-c9fa82e1', 'SENS-A-fbe7cf6e', 20.7, 63.8, 78.1, 3445.8, TO_DATE('2026-03-21 12:12:45', 'YYYY-MM-DD HH24:MI:SS'), 'NAM', 'farm-nam');
INSERT INTO sensor_data (data_id, sensor_id, temperature, humidity, soil_moisture, light_intensity, recorded_at, region, site_id) VALUES ('DATA-7384e46c', 'SENS-A-fbe7cf6e', 33.8, 65.9, 77.6, 2594.0, TO_DATE('2026-03-21 10:12:45', 'YYYY-MM-DD HH24:MI:SS'), 'NAM', 'farm-nam');
INSERT INTO sensor_data (data_id, sensor_id, temperature, humidity, soil_moisture, light_intensity, recorded_at, region, site_id) VALUES ('DATA-c8f9d48f', 'SENS-A-fbe7cf6e', 32.9, 85.6, 55.0, 1090.5, TO_DATE('2026-03-21 08:12:45', 'YYYY-MM-DD HH24:MI:SS'), 'NAM', 'farm-nam');
INSERT INTO sensor_data (data_id, sensor_id, temperature, humidity, soil_moisture, light_intensity, recorded_at, region, site_id) VALUES ('DATA-cfb75416', 'SENS-A-fbe7cf6e', 29.7, 80.7, 37.1, 2331.0, TO_DATE('2026-03-21 06:12:45', 'YYYY-MM-DD HH24:MI:SS'), 'NAM', 'farm-nam');
INSERT INTO sensor_data (data_id, sensor_id, temperature, humidity, soil_moisture, light_intensity, recorded_at, region, site_id) VALUES ('DATA-500c47c4', 'SENS-A-fbe7cf6e', 33.2, 67.9, 79.7, 1999.2, TO_DATE('2026-03-21 04:12:45', 'YYYY-MM-DD HH24:MI:SS'), 'NAM', 'farm-nam');
INSERT INTO sensor_data (data_id, sensor_id, temperature, humidity, soil_moisture, light_intensity, recorded_at, region, site_id) VALUES ('DATA-a8a55937', 'SENS-B-ae3da0b4', 21.5, 87.9, 72.0, 3508.2, TO_DATE('2026-03-21 22:12:45', 'YYYY-MM-DD HH24:MI:SS'), 'NAM', 'farm-nam');
INSERT INTO sensor_data (data_id, sensor_id, temperature, humidity, soil_moisture, light_intensity, recorded_at, region, site_id) VALUES ('DATA-2f2ab480', 'SENS-B-ae3da0b4', 27.8, 71.2, 33.5, 2827.8, TO_DATE('2026-03-21 20:12:45', 'YYYY-MM-DD HH24:MI:SS'), 'NAM', 'farm-nam');
INSERT INTO sensor_data (data_id, sensor_id, temperature, humidity, soil_moisture, light_intensity, recorded_at, region, site_id) VALUES ('DATA-6de0671a', 'SENS-B-ae3da0b4', 30.1, 53.4, 52.4, 2785.6, TO_DATE('2026-03-21 18:12:45', 'YYYY-MM-DD HH24:MI:SS'), 'NAM', 'farm-nam');
INSERT INTO sensor_data (data_id, sensor_id, temperature, humidity, soil_moisture, light_intensity, recorded_at, region, site_id) VALUES ('DATA-b8007603', 'SENS-B-ae3da0b4', 32.2, 82.8, 49.8, 1601.4, TO_DATE('2026-03-21 16:12:45', 'YYYY-MM-DD HH24:MI:SS'), 'NAM', 'farm-nam');
INSERT INTO sensor_data (data_id, sensor_id, temperature, humidity, soil_moisture, light_intensity, recorded_at, region, site_id) VALUES ('DATA-60513655', 'SENS-B-ae3da0b4', 27.8, 81.7, 36.3, 1967.0, TO_DATE('2026-03-21 14:12:45', 'YYYY-MM-DD HH24:MI:SS'), 'NAM', 'farm-nam');
INSERT INTO sensor_data (data_id, sensor_id, temperature, humidity, soil_moisture, light_intensity, recorded_at, region, site_id) VALUES ('DATA-1f0af234', 'SENS-B-ae3da0b4', 20.5, 82.1, 46.1, 1685.0, TO_DATE('2026-03-21 12:12:45', 'YYYY-MM-DD HH24:MI:SS'), 'NAM', 'farm-nam');
INSERT INTO sensor_data (data_id, sensor_id, temperature, humidity, soil_moisture, light_intensity, recorded_at, region, site_id) VALUES ('DATA-332e8332', 'SENS-B-ae3da0b4', 22.7, 80.5, 39.0, 1981.9, TO_DATE('2026-03-21 10:12:45', 'YYYY-MM-DD HH24:MI:SS'), 'NAM', 'farm-nam');
INSERT INTO sensor_data (data_id, sensor_id, temperature, humidity, soil_moisture, light_intensity, recorded_at, region, site_id) VALUES ('DATA-e570cad5', 'SENS-B-ae3da0b4', 23.5, 66.0, 63.5, 1725.6, TO_DATE('2026-03-21 08:12:45', 'YYYY-MM-DD HH24:MI:SS'), 'NAM', 'farm-nam');
INSERT INTO sensor_data (data_id, sensor_id, temperature, humidity, soil_moisture, light_intensity, recorded_at, region, site_id) VALUES ('DATA-704cca9a', 'SENS-B-ae3da0b4', 24.7, 56.0, 76.5, 1287.0, TO_DATE('2026-03-21 06:12:45', 'YYYY-MM-DD HH24:MI:SS'), 'NAM', 'farm-nam');
INSERT INTO sensor_data (data_id, sensor_id, temperature, humidity, soil_moisture, light_intensity, recorded_at, region, site_id) VALUES ('DATA-1a4f51dd', 'SENS-B-ae3da0b4', 24.3, 69.6, 50.9, 1651.8, TO_DATE('2026-03-21 04:12:45', 'YYYY-MM-DD HH24:MI:SS'), 'NAM', 'farm-nam');
INSERT INTO sensor_data (data_id, sensor_id, temperature, humidity, soil_moisture, light_intensity, recorded_at, region, site_id) VALUES ('DATA-28141abf', 'SENS-C-aaa20511', 20.4, 58.3, 34.9, 1742.9, TO_DATE('2026-03-21 22:12:45', 'YYYY-MM-DD HH24:MI:SS'), 'NAM', 'farm-nam');
INSERT INTO sensor_data (data_id, sensor_id, temperature, humidity, soil_moisture, light_intensity, recorded_at, region, site_id) VALUES ('DATA-f308b5df', 'SENS-C-aaa20511', 29.7, 76.6, 49.3, 3078.5, TO_DATE('2026-03-21 20:12:45', 'YYYY-MM-DD HH24:MI:SS'), 'NAM', 'farm-nam');
INSERT INTO sensor_data (data_id, sensor_id, temperature, humidity, soil_moisture, light_intensity, recorded_at, region, site_id) VALUES ('DATA-e467df96', 'SENS-C-aaa20511', 25.3, 54.3, 48.7, 1626.1, TO_DATE('2026-03-21 18:12:45', 'YYYY-MM-DD HH24:MI:SS'), 'NAM', 'farm-nam');
INSERT INTO sensor_data (data_id, sensor_id, temperature, humidity, soil_moisture, light_intensity, recorded_at, region, site_id) VALUES ('DATA-2fc63eee', 'SENS-C-aaa20511', 33.7, 87.0, 33.1, 3499.4, TO_DATE('2026-03-21 16:12:45', 'YYYY-MM-DD HH24:MI:SS'), 'NAM', 'farm-nam');
INSERT INTO sensor_data (data_id, sensor_id, temperature, humidity, soil_moisture, light_intensity, recorded_at, region, site_id) VALUES ('DATA-f562b7ce', 'SENS-C-aaa20511', 31.2, 84.2, 45.1, 1107.5, TO_DATE('2026-03-21 14:12:45', 'YYYY-MM-DD HH24:MI:SS'), 'NAM', 'farm-nam');
INSERT INTO sensor_data (data_id, sensor_id, temperature, humidity, soil_moisture, light_intensity, recorded_at, region, site_id) VALUES ('DATA-5ac4849d', 'SENS-C-aaa20511', 29.8, 56.6, 32.4, 4042.7, TO_DATE('2026-03-21 12:12:45', 'YYYY-MM-DD HH24:MI:SS'), 'NAM', 'farm-nam');
INSERT INTO sensor_data (data_id, sensor_id, temperature, humidity, soil_moisture, light_intensity, recorded_at, region, site_id) VALUES ('DATA-d711db26', 'SENS-C-aaa20511', 23.9, 68.5, 58.0, 3906.5, TO_DATE('2026-03-21 10:12:45', 'YYYY-MM-DD HH24:MI:SS'), 'NAM', 'farm-nam');
INSERT INTO sensor_data (data_id, sensor_id, temperature, humidity, soil_moisture, light_intensity, recorded_at, region, site_id) VALUES ('DATA-d1a7c780', 'SENS-C-aaa20511', 23.7, 86.2, 30.1, 2784.7, TO_DATE('2026-03-21 08:12:45', 'YYYY-MM-DD HH24:MI:SS'), 'NAM', 'farm-nam');
INSERT INTO sensor_data (data_id, sensor_id, temperature, humidity, soil_moisture, light_intensity, recorded_at, region, site_id) VALUES ('DATA-d0210816', 'SENS-C-aaa20511', 23.2, 58.7, 55.8, 2889.5, TO_DATE('2026-03-21 06:12:45', 'YYYY-MM-DD HH24:MI:SS'), 'NAM', 'farm-nam');
INSERT INTO sensor_data (data_id, sensor_id, temperature, humidity, soil_moisture, light_intensity, recorded_at, region, site_id) VALUES ('DATA-6d00e05d', 'SENS-C-aaa20511', 30.4, 52.3, 51.7, 1851.5, TO_DATE('2026-03-21 04:12:45', 'YYYY-MM-DD HH24:MI:SS'), 'NAM', 'farm-nam');
INSERT INTO sensor_data (data_id, sensor_id, temperature, humidity, soil_moisture, light_intensity, recorded_at, region, site_id) VALUES ('DATA-004234ec', 'SENS-D-a0b35553', 27.7, 52.8, 58.5, 3023.5, TO_DATE('2026-03-21 22:12:45', 'YYYY-MM-DD HH24:MI:SS'), 'NAM', 'farm-nam');
INSERT INTO sensor_data (data_id, sensor_id, temperature, humidity, soil_moisture, light_intensity, recorded_at, region, site_id) VALUES ('DATA-fe18943b', 'SENS-D-a0b35553', 21.6, 51.3, 31.0, 2485.0, TO_DATE('2026-03-21 20:12:45', 'YYYY-MM-DD HH24:MI:SS'), 'NAM', 'farm-nam');
INSERT INTO sensor_data (data_id, sensor_id, temperature, humidity, soil_moisture, light_intensity, recorded_at, region, site_id) VALUES ('DATA-e78414e2', 'SENS-D-a0b35553', 25.3, 70.8, 61.8, 2186.1, TO_DATE('2026-03-21 18:12:45', 'YYYY-MM-DD HH24:MI:SS'), 'NAM', 'farm-nam');
INSERT INTO sensor_data (data_id, sensor_id, temperature, humidity, soil_moisture, light_intensity, recorded_at, region, site_id) VALUES ('DATA-30983fdb', 'SENS-D-a0b35553', 24.4, 80.0, 49.2, 2149.5, TO_DATE('2026-03-21 16:12:45', 'YYYY-MM-DD HH24:MI:SS'), 'NAM', 'farm-nam');
INSERT INTO sensor_data (data_id, sensor_id, temperature, humidity, soil_moisture, light_intensity, recorded_at, region, site_id) VALUES ('DATA-a37141db', 'SENS-D-a0b35553', 24.5, 77.5, 35.2, 2691.4, TO_DATE('2026-03-21 14:12:45', 'YYYY-MM-DD HH24:MI:SS'), 'NAM', 'farm-nam');
INSERT INTO sensor_data (data_id, sensor_id, temperature, humidity, soil_moisture, light_intensity, recorded_at, region, site_id) VALUES ('DATA-87371f4a', 'SENS-D-a0b35553', 22.5, 62.7, 43.3, 2145.0, TO_DATE('2026-03-21 12:12:45', 'YYYY-MM-DD HH24:MI:SS'), 'NAM', 'farm-nam');
INSERT INTO sensor_data (data_id, sensor_id, temperature, humidity, soil_moisture, light_intensity, recorded_at, region, site_id) VALUES ('DATA-7d72d72c', 'SENS-D-a0b35553', 22.8, 80.6, 74.0, 2601.7, TO_DATE('2026-03-21 10:12:45', 'YYYY-MM-DD HH24:MI:SS'), 'NAM', 'farm-nam');
INSERT INTO sensor_data (data_id, sensor_id, temperature, humidity, soil_moisture, light_intensity, recorded_at, region, site_id) VALUES ('DATA-3ff94f9e', 'SENS-D-a0b35553', 28.7, 64.1, 72.4, 4047.3, TO_DATE('2026-03-21 08:12:45', 'YYYY-MM-DD HH24:MI:SS'), 'NAM', 'farm-nam');
INSERT INTO sensor_data (data_id, sensor_id, temperature, humidity, soil_moisture, light_intensity, recorded_at, region, site_id) VALUES ('DATA-d4d4fbad', 'SENS-D-a0b35553', 21.6, 53.0, 77.1, 3903.8, TO_DATE('2026-03-21 06:12:45', 'YYYY-MM-DD HH24:MI:SS'), 'NAM', 'farm-nam');
INSERT INTO sensor_data (data_id, sensor_id, temperature, humidity, soil_moisture, light_intensity, recorded_at, region, site_id) VALUES ('DATA-9a667580', 'SENS-D-a0b35553', 29.1, 89.9, 72.2, 1139.0, TO_DATE('2026-03-21 04:12:45', 'YYYY-MM-DD HH24:MI:SS'), 'NAM', 'farm-nam');

-- Data for purchase_contract
INSERT INTO purchase_contract (contract_id, supplier_id, ingredient_id, committed_quantity, contract_price, quality_commitment, start_date, end_date, status, region, site_id) VALUES ('CTR-1-240ad991', 'SUP-44a28dca', 'ING-61961df2', 5000.0, 13000000.0, 'Grade A Standard', TO_DATE('2025-11-09 00:00:00', 'YYYY-MM-DD HH24:MI:SS'), TO_DATE('2026-11-09 00:00:00', 'YYYY-MM-DD HH24:MI:SS'), 'Active', 'NAM', 'farm-nam');
INSERT INTO purchase_contract (contract_id, supplier_id, ingredient_id, committed_quantity, contract_price, quality_commitment, start_date, end_date, status, region, site_id) VALUES ('CTR-2-6d368590', 'SUP-44a28dca', 'ING-61961df2', 1000.0, 25000000.0, 'Grade A Standard', TO_DATE('2025-11-13 00:00:00', 'YYYY-MM-DD HH24:MI:SS'), TO_DATE('2026-11-13 00:00:00', 'YYYY-MM-DD HH24:MI:SS'), 'Active', 'NAM', 'farm-nam');
INSERT INTO purchase_contract (contract_id, supplier_id, ingredient_id, committed_quantity, contract_price, quality_commitment, start_date, end_date, status, region, site_id) VALUES ('CTR-3-a80c8a2e', 'SUP-9a3ab47a', 'ING-61961df2', 5000.0, 53000000.0, 'Grade A Standard', TO_DATE('2026-01-24 00:00:00', 'YYYY-MM-DD HH24:MI:SS'), TO_DATE('2027-01-24 00:00:00', 'YYYY-MM-DD HH24:MI:SS'), 'Active', 'NAM', 'farm-nam');
INSERT INTO purchase_contract (contract_id, supplier_id, ingredient_id, committed_quantity, contract_price, quality_commitment, start_date, end_date, status, region, site_id) VALUES ('CTR-4-5af5fa51', 'SUP-bf4fda9c', 'ING-61961df2', 5000.0, 56000000.0, 'Grade A Standard', TO_DATE('2026-02-02 00:00:00', 'YYYY-MM-DD HH24:MI:SS'), TO_DATE('2027-02-02 00:00:00', 'YYYY-MM-DD HH24:MI:SS'), 'Active', 'NAM', 'farm-nam');
INSERT INTO purchase_contract (contract_id, supplier_id, ingredient_id, committed_quantity, contract_price, quality_commitment, start_date, end_date, status, region, site_id) VALUES ('CTR-5-f0238367', 'SUP-9a3ab47a', 'ING-9465f939', 1000.0, 19000000.0, 'Grade A Standard', TO_DATE('2025-11-26 00:00:00', 'YYYY-MM-DD HH24:MI:SS'), TO_DATE('2026-11-26 00:00:00', 'YYYY-MM-DD HH24:MI:SS'), 'Active', 'NAM', 'farm-nam');
INSERT INTO purchase_contract (contract_id, supplier_id, ingredient_id, committed_quantity, contract_price, quality_commitment, start_date, end_date, status, region, site_id) VALUES ('CTR-6-1057335b', 'SUP-9a3ab47a', 'ING-9465f939', 1000.0, 21000000.0, 'Grade A Standard', TO_DATE('2025-12-09 00:00:00', 'YYYY-MM-DD HH24:MI:SS'), TO_DATE('2026-12-09 00:00:00', 'YYYY-MM-DD HH24:MI:SS'), 'Active', 'NAM', 'farm-nam');
INSERT INTO purchase_contract (contract_id, supplier_id, ingredient_id, committed_quantity, contract_price, quality_commitment, start_date, end_date, status, region, site_id) VALUES ('CTR-7-9455c359', 'SUP-44a28dca', 'ING-61961df2', 1000.0, 42000000.0, 'Grade A Standard', TO_DATE('2026-01-04 00:00:00', 'YYYY-MM-DD HH24:MI:SS'), TO_DATE('2027-01-04 00:00:00', 'YYYY-MM-DD HH24:MI:SS'), 'Active', 'NAM', 'farm-nam');
INSERT INTO purchase_contract (contract_id, supplier_id, ingredient_id, committed_quantity, contract_price, quality_commitment, start_date, end_date, status, region, site_id) VALUES ('CTR-8-37cf2fac', 'SUP-bf4fda9c', 'ING-61961df2', 5000.0, 56000000.0, 'Grade A Standard', TO_DATE('2026-01-17 00:00:00', 'YYYY-MM-DD HH24:MI:SS'), TO_DATE('2027-01-17 00:00:00', 'YYYY-MM-DD HH24:MI:SS'), 'Active', 'NAM', 'farm-nam');
INSERT INTO purchase_contract (contract_id, supplier_id, ingredient_id, committed_quantity, contract_price, quality_commitment, start_date, end_date, status, region, site_id) VALUES ('CTR-9-f6f8730d', 'SUP-44a28dca', 'ING-61961df2', 2000.0, 99000000.0, 'Grade A Standard', TO_DATE('2025-12-19 00:00:00', 'YYYY-MM-DD HH24:MI:SS'), TO_DATE('2026-12-19 00:00:00', 'YYYY-MM-DD HH24:MI:SS'), 'Active', 'NAM', 'farm-nam');
INSERT INTO purchase_contract (contract_id, supplier_id, ingredient_id, committed_quantity, contract_price, quality_commitment, start_date, end_date, status, region, site_id) VALUES ('CTR-10-0309359d', 'SUP-bf4fda9c', 'ING-89d35f5c', 500.0, 92000000.0, 'Grade A Standard', TO_DATE('2025-10-11 00:00:00', 'YYYY-MM-DD HH24:MI:SS'), TO_DATE('2026-10-11 00:00:00', 'YYYY-MM-DD HH24:MI:SS'), 'Active', 'NAM', 'farm-nam');

-- Data for purchase_batch
INSERT INTO purchase_batch (batch_id, contract_id, purchase_date, expected_quantity, unit_price, status, region, site_id) VALUES ('BATCH-1-1-85eac376', 'CTR-1-240ad991', TO_DATE('2026-02-17 00:00:00', 'YYYY-MM-DD HH24:MI:SS'), 1250.0, 2600.0, 'Received', 'NAM', 'farm-nam');
INSERT INTO purchase_batch (batch_id, contract_id, purchase_date, expected_quantity, unit_price, status, region, site_id) VALUES ('BATCH-1-2-84dcfb3d', 'CTR-1-240ad991', TO_DATE('2026-02-16 00:00:00', 'YYYY-MM-DD HH24:MI:SS'), 1250.0, 2600.0, 'Inspecting', 'NAM', 'farm-nam');
INSERT INTO purchase_batch (batch_id, contract_id, purchase_date, expected_quantity, unit_price, status, region, site_id) VALUES ('BATCH-1-3-e3888c7f', 'CTR-1-240ad991', TO_DATE('2026-02-15 00:00:00', 'YYYY-MM-DD HH24:MI:SS'), 1250.0, 2600.0, 'Inspecting', 'NAM', 'farm-nam');
INSERT INTO purchase_batch (batch_id, contract_id, purchase_date, expected_quantity, unit_price, status, region, site_id) VALUES ('BATCH-1-4-63e6f64e', 'CTR-1-240ad991', TO_DATE('2026-01-29 00:00:00', 'YYYY-MM-DD HH24:MI:SS'), 1250.0, 2600.0, 'Received', 'NAM', 'farm-nam');
INSERT INTO purchase_batch (batch_id, contract_id, purchase_date, expected_quantity, unit_price, status, region, site_id) VALUES ('BATCH-2-1-adf3b12d', 'CTR-2-6d368590', TO_DATE('2026-02-02 00:00:00', 'YYYY-MM-DD HH24:MI:SS'), 333.3333333333333, 25000.0, 'Pending', 'NAM', 'farm-nam');
INSERT INTO purchase_batch (batch_id, contract_id, purchase_date, expected_quantity, unit_price, status, region, site_id) VALUES ('BATCH-2-2-e7f4c4b5', 'CTR-2-6d368590', TO_DATE('2026-02-17 00:00:00', 'YYYY-MM-DD HH24:MI:SS'), 333.3333333333333, 25000.0, 'Inspecting', 'NAM', 'farm-nam');
INSERT INTO purchase_batch (batch_id, contract_id, purchase_date, expected_quantity, unit_price, status, region, site_id) VALUES ('BATCH-2-3-3bdda224', 'CTR-2-6d368590', TO_DATE('2026-02-18 00:00:00', 'YYYY-MM-DD HH24:MI:SS'), 333.3333333333333, 25000.0, 'Inspecting', 'NAM', 'farm-nam');
INSERT INTO purchase_batch (batch_id, contract_id, purchase_date, expected_quantity, unit_price, status, region, site_id) VALUES ('BATCH-3-1-2917721b', 'CTR-3-a80c8a2e', TO_DATE('2026-03-02 00:00:00', 'YYYY-MM-DD HH24:MI:SS'), 5000.0, 10600.0, 'Pending', 'NAM', 'farm-nam');
INSERT INTO purchase_batch (batch_id, contract_id, purchase_date, expected_quantity, unit_price, status, region, site_id) VALUES ('BATCH-4-1-2099c6f7', 'CTR-4-5af5fa51', TO_DATE('2026-04-19 00:00:00', 'YYYY-MM-DD HH24:MI:SS'), 5000.0, 11200.0, 'Received', 'NAM', 'farm-nam');
INSERT INTO purchase_batch (batch_id, contract_id, purchase_date, expected_quantity, unit_price, status, region, site_id) VALUES ('BATCH-5-1-8feb08e5', 'CTR-5-f0238367', TO_DATE('2026-01-03 00:00:00', 'YYYY-MM-DD HH24:MI:SS'), 250.0, 19000.0, 'Received', 'NAM', 'farm-nam');
INSERT INTO purchase_batch (batch_id, contract_id, purchase_date, expected_quantity, unit_price, status, region, site_id) VALUES ('BATCH-5-2-445d1c7c', 'CTR-5-f0238367', TO_DATE('2026-01-01 00:00:00', 'YYYY-MM-DD HH24:MI:SS'), 250.0, 19000.0, 'Pending', 'NAM', 'farm-nam');
INSERT INTO purchase_batch (batch_id, contract_id, purchase_date, expected_quantity, unit_price, status, region, site_id) VALUES ('BATCH-5-3-b4996cc6', 'CTR-5-f0238367', TO_DATE('2026-01-17 00:00:00', 'YYYY-MM-DD HH24:MI:SS'), 250.0, 19000.0, 'Received', 'NAM', 'farm-nam');
INSERT INTO purchase_batch (batch_id, contract_id, purchase_date, expected_quantity, unit_price, status, region, site_id) VALUES ('BATCH-5-4-37c08802', 'CTR-5-f0238367', TO_DATE('2026-02-25 00:00:00', 'YYYY-MM-DD HH24:MI:SS'), 250.0, 19000.0, 'Received', 'NAM', 'farm-nam');
INSERT INTO purchase_batch (batch_id, contract_id, purchase_date, expected_quantity, unit_price, status, region, site_id) VALUES ('BATCH-6-1-0484cc26', 'CTR-6-1057335b', TO_DATE('2025-12-31 00:00:00', 'YYYY-MM-DD HH24:MI:SS'), 500.0, 21000.0, 'Inspecting', 'NAM', 'farm-nam');
INSERT INTO purchase_batch (batch_id, contract_id, purchase_date, expected_quantity, unit_price, status, region, site_id) VALUES ('BATCH-6-2-c0e84d5c', 'CTR-6-1057335b', TO_DATE('2026-03-16 00:00:00', 'YYYY-MM-DD HH24:MI:SS'), 500.0, 21000.0, 'Inspecting', 'NAM', 'farm-nam');
INSERT INTO purchase_batch (batch_id, contract_id, purchase_date, expected_quantity, unit_price, status, region, site_id) VALUES ('BATCH-7-1-5d6808a2', 'CTR-7-9455c359', TO_DATE('2026-02-12 00:00:00', 'YYYY-MM-DD HH24:MI:SS'), 500.0, 42000.0, 'Received', 'NAM', 'farm-nam');
INSERT INTO purchase_batch (batch_id, contract_id, purchase_date, expected_quantity, unit_price, status, region, site_id) VALUES ('BATCH-7-2-ad1373be', 'CTR-7-9455c359', TO_DATE('2026-02-07 00:00:00', 'YYYY-MM-DD HH24:MI:SS'), 500.0, 42000.0, 'Pending', 'NAM', 'farm-nam');
INSERT INTO purchase_batch (batch_id, contract_id, purchase_date, expected_quantity, unit_price, status, region, site_id) VALUES ('BATCH-8-1-db28edc7', 'CTR-8-37cf2fac', TO_DATE('2026-02-27 00:00:00', 'YYYY-MM-DD HH24:MI:SS'), 2500.0, 11200.0, 'Pending', 'NAM', 'farm-nam');
INSERT INTO purchase_batch (batch_id, contract_id, purchase_date, expected_quantity, unit_price, status, region, site_id) VALUES ('BATCH-8-2-e90e1428', 'CTR-8-37cf2fac', TO_DATE('2026-04-15 00:00:00', 'YYYY-MM-DD HH24:MI:SS'), 2500.0, 11200.0, 'Received', 'NAM', 'farm-nam');
INSERT INTO purchase_batch (batch_id, contract_id, purchase_date, expected_quantity, unit_price, status, region, site_id) VALUES ('BATCH-9-1-6b9163f9', 'CTR-9-f6f8730d', TO_DATE('2025-12-31 00:00:00', 'YYYY-MM-DD HH24:MI:SS'), 666.6666666666666, 49500.0, 'Received', 'NAM', 'farm-nam');
INSERT INTO purchase_batch (batch_id, contract_id, purchase_date, expected_quantity, unit_price, status, region, site_id) VALUES ('BATCH-9-2-404f5d8a', 'CTR-9-f6f8730d', TO_DATE('2026-02-22 00:00:00', 'YYYY-MM-DD HH24:MI:SS'), 666.6666666666666, 49500.0, 'Pending', 'NAM', 'farm-nam');
INSERT INTO purchase_batch (batch_id, contract_id, purchase_date, expected_quantity, unit_price, status, region, site_id) VALUES ('BATCH-9-3-319d0323', 'CTR-9-f6f8730d', TO_DATE('2026-03-11 00:00:00', 'YYYY-MM-DD HH24:MI:SS'), 666.6666666666666, 49500.0, 'Inspecting', 'NAM', 'farm-nam');
INSERT INTO purchase_batch (batch_id, contract_id, purchase_date, expected_quantity, unit_price, status, region, site_id) VALUES ('BATCH-10-1-8122f38c', 'CTR-10-0309359d', TO_DATE('2025-11-04 00:00:00', 'YYYY-MM-DD HH24:MI:SS'), 125.0, 184000.0, 'Received', 'NAM', 'farm-nam');
INSERT INTO purchase_batch (batch_id, contract_id, purchase_date, expected_quantity, unit_price, status, region, site_id) VALUES ('BATCH-10-2-18343414', 'CTR-10-0309359d', TO_DATE('2026-01-11 00:00:00', 'YYYY-MM-DD HH24:MI:SS'), 125.0, 184000.0, 'Received', 'NAM', 'farm-nam');
INSERT INTO purchase_batch (batch_id, contract_id, purchase_date, expected_quantity, unit_price, status, region, site_id) VALUES ('BATCH-10-3-29d0b74d', 'CTR-10-0309359d', TO_DATE('2025-11-15 00:00:00', 'YYYY-MM-DD HH24:MI:SS'), 125.0, 184000.0, 'Pending', 'NAM', 'farm-nam');
INSERT INTO purchase_batch (batch_id, contract_id, purchase_date, expected_quantity, unit_price, status, region, site_id) VALUES ('BATCH-10-4-3e76d252', 'CTR-10-0309359d', TO_DATE('2025-11-25 00:00:00', 'YYYY-MM-DD HH24:MI:SS'), 125.0, 184000.0, 'Received', 'NAM', 'farm-nam');

-- Data for purchase_ticket
INSERT INTO purchase_ticket (ticket_id, batch_id, supplier_id, ingredient_id, raw_weight, received_at, region, site_id) VALUES ('P_TICKET-a6abd074', 'BATCH-1-1-85eac376', 'SUP-44a28dca', 'ING-61961df2', 1234.7967594025936, TO_DATE('2026-02-17 00:00:00', 'YYYY-MM-DD HH24:MI:SS'), 'NAM', 'farm-nam');
INSERT INTO purchase_ticket (ticket_id, batch_id, supplier_id, ingredient_id, raw_weight, received_at, region, site_id) VALUES ('P_TICKET-cac987eb', 'BATCH-1-2-84dcfb3d', 'SUP-44a28dca', 'ING-61961df2', 1231.569043400197, TO_DATE('2026-02-16 00:00:00', 'YYYY-MM-DD HH24:MI:SS'), 'NAM', 'farm-nam');
INSERT INTO purchase_ticket (ticket_id, batch_id, supplier_id, ingredient_id, raw_weight, received_at, region, site_id) VALUES ('P_TICKET-675dc152', 'BATCH-1-3-e3888c7f', 'SUP-44a28dca', 'ING-61961df2', 1235.7430046910897, TO_DATE('2026-02-15 00:00:00', 'YYYY-MM-DD HH24:MI:SS'), 'NAM', 'farm-nam');
INSERT INTO purchase_ticket (ticket_id, batch_id, supplier_id, ingredient_id, raw_weight, received_at, region, site_id) VALUES ('P_TICKET-0ca2a51b', 'BATCH-1-4-63e6f64e', 'SUP-44a28dca', 'ING-61961df2', 1263.5805890013053, TO_DATE('2026-01-29 00:00:00', 'YYYY-MM-DD HH24:MI:SS'), 'NAM', 'farm-nam');
INSERT INTO purchase_ticket (ticket_id, batch_id, supplier_id, ingredient_id, raw_weight, received_at, region, site_id) VALUES ('P_TICKET-95b499d0', 'BATCH-2-2-e7f4c4b5', 'SUP-44a28dca', 'ING-61961df2', 337.1740371588202, TO_DATE('2026-02-17 00:00:00', 'YYYY-MM-DD HH24:MI:SS'), 'NAM', 'farm-nam');
INSERT INTO purchase_ticket (ticket_id, batch_id, supplier_id, ingredient_id, raw_weight, received_at, region, site_id) VALUES ('P_TICKET-b5a17430', 'BATCH-2-3-3bdda224', 'SUP-44a28dca', 'ING-61961df2', 329.2107842622435, TO_DATE('2026-02-18 00:00:00', 'YYYY-MM-DD HH24:MI:SS'), 'NAM', 'farm-nam');
INSERT INTO purchase_ticket (ticket_id, batch_id, supplier_id, ingredient_id, raw_weight, received_at, region, site_id) VALUES ('P_TICKET-97b51768', 'BATCH-4-1-2099c6f7', 'SUP-bf4fda9c', 'ING-61961df2', 5073.4838938075145, TO_DATE('2026-04-19 00:00:00', 'YYYY-MM-DD HH24:MI:SS'), 'NAM', 'farm-nam');
INSERT INTO purchase_ticket (ticket_id, batch_id, supplier_id, ingredient_id, raw_weight, received_at, region, site_id) VALUES ('P_TICKET-b4cf3f9f', 'BATCH-5-1-8feb08e5', 'SUP-9a3ab47a', 'ING-9465f939', 254.90317255144217, TO_DATE('2026-01-03 00:00:00', 'YYYY-MM-DD HH24:MI:SS'), 'NAM', 'farm-nam');
INSERT INTO purchase_ticket (ticket_id, batch_id, supplier_id, ingredient_id, raw_weight, received_at, region, site_id) VALUES ('P_TICKET-869f756f', 'BATCH-5-3-b4996cc6', 'SUP-9a3ab47a', 'ING-9465f939', 246.80393537020947, TO_DATE('2026-01-17 00:00:00', 'YYYY-MM-DD HH24:MI:SS'), 'NAM', 'farm-nam');
INSERT INTO purchase_ticket (ticket_id, batch_id, supplier_id, ingredient_id, raw_weight, received_at, region, site_id) VALUES ('P_TICKET-251fd2b2', 'BATCH-5-4-37c08802', 'SUP-9a3ab47a', 'ING-9465f939', 250.69951470125662, TO_DATE('2026-02-25 00:00:00', 'YYYY-MM-DD HH24:MI:SS'), 'NAM', 'farm-nam');
INSERT INTO purchase_ticket (ticket_id, batch_id, supplier_id, ingredient_id, raw_weight, received_at, region, site_id) VALUES ('P_TICKET-ba8f3d6b', 'BATCH-6-1-0484cc26', 'SUP-9a3ab47a', 'ING-9465f939', 503.9183061164586, TO_DATE('2025-12-31 00:00:00', 'YYYY-MM-DD HH24:MI:SS'), 'NAM', 'farm-nam');
INSERT INTO purchase_ticket (ticket_id, batch_id, supplier_id, ingredient_id, raw_weight, received_at, region, site_id) VALUES ('P_TICKET-1e5780cc', 'BATCH-6-2-c0e84d5c', 'SUP-9a3ab47a', 'ING-9465f939', 502.34038844180117, TO_DATE('2026-03-16 00:00:00', 'YYYY-MM-DD HH24:MI:SS'), 'NAM', 'farm-nam');
INSERT INTO purchase_ticket (ticket_id, batch_id, supplier_id, ingredient_id, raw_weight, received_at, region, site_id) VALUES ('P_TICKET-25096162', 'BATCH-7-1-5d6808a2', 'SUP-44a28dca', 'ING-61961df2', 501.5347984205183, TO_DATE('2026-02-12 00:00:00', 'YYYY-MM-DD HH24:MI:SS'), 'NAM', 'farm-nam');
INSERT INTO purchase_ticket (ticket_id, batch_id, supplier_id, ingredient_id, raw_weight, received_at, region, site_id) VALUES ('P_TICKET-cdd4668e', 'BATCH-8-2-e90e1428', 'SUP-bf4fda9c', 'ING-61961df2', 2497.563947572544, TO_DATE('2026-04-15 00:00:00', 'YYYY-MM-DD HH24:MI:SS'), 'NAM', 'farm-nam');
INSERT INTO purchase_ticket (ticket_id, batch_id, supplier_id, ingredient_id, raw_weight, received_at, region, site_id) VALUES ('P_TICKET-c2a92370', 'BATCH-9-1-6b9163f9', 'SUP-44a28dca', 'ING-61961df2', 671.3351534655121, TO_DATE('2025-12-31 00:00:00', 'YYYY-MM-DD HH24:MI:SS'), 'NAM', 'farm-nam');
INSERT INTO purchase_ticket (ticket_id, batch_id, supplier_id, ingredient_id, raw_weight, received_at, region, site_id) VALUES ('P_TICKET-62bc3f61', 'BATCH-9-3-319d0323', 'SUP-44a28dca', 'ING-61961df2', 657.6404589426304, TO_DATE('2026-03-11 00:00:00', 'YYYY-MM-DD HH24:MI:SS'), 'NAM', 'farm-nam');
INSERT INTO purchase_ticket (ticket_id, batch_id, supplier_id, ingredient_id, raw_weight, received_at, region, site_id) VALUES ('P_TICKET-ccbb1dec', 'BATCH-10-1-8122f38c', 'SUP-bf4fda9c', 'ING-89d35f5c', 125.38720510454945, TO_DATE('2025-11-04 00:00:00', 'YYYY-MM-DD HH24:MI:SS'), 'NAM', 'farm-nam');
INSERT INTO purchase_ticket (ticket_id, batch_id, supplier_id, ingredient_id, raw_weight, received_at, region, site_id) VALUES ('P_TICKET-81769f2c', 'BATCH-10-2-18343414', 'SUP-bf4fda9c', 'ING-89d35f5c', 126.72080137045502, TO_DATE('2026-01-11 00:00:00', 'YYYY-MM-DD HH24:MI:SS'), 'NAM', 'farm-nam');
INSERT INTO purchase_ticket (ticket_id, batch_id, supplier_id, ingredient_id, raw_weight, received_at, region, site_id) VALUES ('P_TICKET-e78b8a05', 'BATCH-10-4-3e76d252', 'SUP-bf4fda9c', 'ING-89d35f5c', 126.00387263723822, TO_DATE('2025-11-25 00:00:00', 'YYYY-MM-DD HH24:MI:SS'), 'NAM', 'farm-nam');

-- Data for weighing_ticket
INSERT INTO weighing_ticket (ticket_id, bed_id, ingredient_id, raw_weight, harvested_by, timestamp, region, site_id) VALUES ('W_TICKET-daf0696a', 'BED-A4-7273f46b', 'ING-0dae971b', 188.99630905607887, 'Worker Alice', TO_DATE('2026-03-18 22:12:45', 'YYYY-MM-DD HH24:MI:SS'), 'NAM', 'farm-nam');
INSERT INTO weighing_ticket (ticket_id, bed_id, ingredient_id, raw_weight, harvested_by, timestamp, region, site_id) VALUES ('W_TICKET-533027d8', 'BED-B1-9bc67704', 'ING-0dae971b', 176.5635571433104, 'Worker Alice', TO_DATE('2026-03-17 22:12:45', 'YYYY-MM-DD HH24:MI:SS'), 'NAM', 'farm-nam');
INSERT INTO weighing_ticket (ticket_id, bed_id, ingredient_id, raw_weight, harvested_by, timestamp, region, site_id) VALUES ('W_TICKET-d113f4d3', 'BED-B2-43fe332a', 'ING-0dae971b', 70.72228724725075, 'Worker Alice', TO_DATE('2026-03-18 22:12:45', 'YYYY-MM-DD HH24:MI:SS'), 'NAM', 'farm-nam');
INSERT INTO weighing_ticket (ticket_id, bed_id, ingredient_id, raw_weight, harvested_by, timestamp, region, site_id) VALUES ('W_TICKET-9cdf3e1f', 'BED-B5-406f7b66', 'ING-0dae971b', 127.06737444805765, 'Worker Alice', TO_DATE('2026-03-18 22:12:45', 'YYYY-MM-DD HH24:MI:SS'), 'NAM', 'farm-nam');
INSERT INTO weighing_ticket (ticket_id, bed_id, ingredient_id, raw_weight, harvested_by, timestamp, region, site_id) VALUES ('W_TICKET-c304c719', 'BED-C1-36148cdc', 'ING-0dae971b', 118.53001050957658, 'Worker Alice', TO_DATE('2026-03-20 22:12:45', 'YYYY-MM-DD HH24:MI:SS'), 'NAM', 'farm-nam');
INSERT INTO weighing_ticket (ticket_id, bed_id, ingredient_id, raw_weight, harvested_by, timestamp, region, site_id) VALUES ('W_TICKET-48c83ea9', 'BED-C3-78fbec26', 'ING-0dae971b', 87.92227692989132, 'Worker Alice', TO_DATE('2026-03-17 22:12:45', 'YYYY-MM-DD HH24:MI:SS'), 'NAM', 'farm-nam');
INSERT INTO weighing_ticket (ticket_id, bed_id, ingredient_id, raw_weight, harvested_by, timestamp, region, site_id) VALUES ('W_TICKET-d53872c2', 'BED-C5-44dea23a', 'ING-0dae971b', 77.6787065186256, 'Worker Alice', TO_DATE('2026-03-20 22:12:45', 'YYYY-MM-DD HH24:MI:SS'), 'NAM', 'farm-nam');

-- Data for production_lot
INSERT INTO production_lot (lot_id, product_id, mfg_date, exp_date, region, site_id) VALUES ('LOT-2bd273f8', 'PROD-d0ff5143', TO_DATE('2026-03-19 02:12:45', 'YYYY-MM-DD HH24:MI:SS'), TO_DATE('2026-04-02 02:12:45', 'YYYY-MM-DD HH24:MI:SS'), 'NAM', 'farm-nam');
INSERT INTO production_lot (lot_id, product_id, mfg_date, exp_date, region, site_id) VALUES ('LOT-c9640aba', 'PROD-d0ff5143', TO_DATE('2026-03-18 02:12:45', 'YYYY-MM-DD HH24:MI:SS'), TO_DATE('2026-04-01 02:12:45', 'YYYY-MM-DD HH24:MI:SS'), 'NAM', 'farm-nam');
INSERT INTO production_lot (lot_id, product_id, mfg_date, exp_date, region, site_id) VALUES ('LOT-75082c63', 'PROD-a9dfcff6', TO_DATE('2026-03-19 02:12:45', 'YYYY-MM-DD HH24:MI:SS'), TO_DATE('2026-04-02 02:12:45', 'YYYY-MM-DD HH24:MI:SS'), 'NAM', 'farm-nam');
INSERT INTO production_lot (lot_id, product_id, mfg_date, exp_date, region, site_id) VALUES ('LOT-ff084fa0', 'PROD-d0ff5143', TO_DATE('2026-03-19 02:12:45', 'YYYY-MM-DD HH24:MI:SS'), TO_DATE('2026-04-02 02:12:45', 'YYYY-MM-DD HH24:MI:SS'), 'NAM', 'farm-nam');
INSERT INTO production_lot (lot_id, product_id, mfg_date, exp_date, region, site_id) VALUES ('LOT-6f3eb0e2', 'PROD-a9dfcff6', TO_DATE('2026-03-21 02:12:45', 'YYYY-MM-DD HH24:MI:SS'), TO_DATE('2026-04-04 02:12:45', 'YYYY-MM-DD HH24:MI:SS'), 'NAM', 'farm-nam');
INSERT INTO production_lot (lot_id, product_id, mfg_date, exp_date, region, site_id) VALUES ('LOT-013bbdf3', 'PROD-d0ff5143', TO_DATE('2026-03-18 02:12:45', 'YYYY-MM-DD HH24:MI:SS'), TO_DATE('2026-04-01 02:12:45', 'YYYY-MM-DD HH24:MI:SS'), 'NAM', 'farm-nam');
INSERT INTO production_lot (lot_id, product_id, mfg_date, exp_date, region, site_id) VALUES ('LOT-aa24d215', 'PROD-d0ff5143', TO_DATE('2026-03-21 02:12:45', 'YYYY-MM-DD HH24:MI:SS'), TO_DATE('2026-04-04 02:12:45', 'YYYY-MM-DD HH24:MI:SS'), 'NAM', 'farm-nam');

-- Data for qc_record
INSERT INTO qc_record (qc_id, source_type, reference_id, inspector_name, sample_size, defects_found, quality_score, pass_status, notes, checked_at, appearance_grade, brix_level, ph_level, pesticide_residue_check, final_grade, region, site_id) VALUES ('QCRCV-a0fc449d', 'RECEIVING', 'P_TICKET-a6abd074', 'QC Staff A', 10, 3, 85, 'PASS', 'Standard Check', TO_DATE('2026-02-17 02:00:00', 'YYYY-MM-DD HH24:MI:SS'), 'UNKNOWN', 0, 0, 'UNKNOWN', 'PENDING', 'NAM', 'farm-nam');
INSERT INTO qc_record (qc_id, source_type, reference_id, inspector_name, sample_size, defects_found, quality_score, pass_status, notes, checked_at, appearance_grade, brix_level, ph_level, pesticide_residue_check, final_grade, region, site_id) VALUES ('QCRCV-0a15448a', 'RECEIVING', 'P_TICKET-cac987eb', 'QC Staff A', 10, 6, 55, 'CONDITIONAL', 'Standard Check', TO_DATE('2026-02-16 02:00:00', 'YYYY-MM-DD HH24:MI:SS'), 'UNKNOWN', 0, 0, 'UNKNOWN', 'PENDING', 'NAM', 'farm-nam');
INSERT INTO qc_record (qc_id, source_type, reference_id, inspector_name, sample_size, defects_found, quality_score, pass_status, notes, checked_at, appearance_grade, brix_level, ph_level, pesticide_residue_check, final_grade, region, site_id) VALUES ('QCRCV-1da00018', 'RECEIVING', 'P_TICKET-675dc152', 'QC Staff A', 10, 3, 96, 'PASS', 'Standard Check', TO_DATE('2026-02-15 02:00:00', 'YYYY-MM-DD HH24:MI:SS'), 'UNKNOWN', 0, 0, 'UNKNOWN', 'PENDING', 'NAM', 'farm-nam');
INSERT INTO qc_record (qc_id, source_type, reference_id, inspector_name, sample_size, defects_found, quality_score, pass_status, notes, checked_at, appearance_grade, brix_level, ph_level, pesticide_residue_check, final_grade, region, site_id) VALUES ('QCRCV-652fdf51', 'RECEIVING', 'P_TICKET-0ca2a51b', 'QC Staff A', 10, 2, 94, 'PASS', 'Standard Check', TO_DATE('2026-01-29 02:00:00', 'YYYY-MM-DD HH24:MI:SS'), 'UNKNOWN', 0, 0, 'UNKNOWN', 'PENDING', 'NAM', 'farm-nam');
INSERT INTO qc_record (qc_id, source_type, reference_id, inspector_name, sample_size, defects_found, quality_score, pass_status, notes, checked_at, appearance_grade, brix_level, ph_level, pesticide_residue_check, final_grade, region, site_id) VALUES ('QCRCV-8ce6a28d', 'RECEIVING', 'P_TICKET-95b499d0', 'QC Staff A', 10, 6, 68, 'FAIL', 'Standard Check', TO_DATE('2026-02-17 02:00:00', 'YYYY-MM-DD HH24:MI:SS'), 'UNKNOWN', 0, 0, 'UNKNOWN', 'PENDING', 'NAM', 'farm-nam');
INSERT INTO qc_record (qc_id, source_type, reference_id, inspector_name, sample_size, defects_found, quality_score, pass_status, notes, checked_at, appearance_grade, brix_level, ph_level, pesticide_residue_check, final_grade, region, site_id) VALUES ('QCRCV-9a9f9f9e', 'RECEIVING', 'P_TICKET-b5a17430', 'QC Staff A', 10, 0, 99, 'PASS', 'Standard Check', TO_DATE('2026-02-18 02:00:00', 'YYYY-MM-DD HH24:MI:SS'), 'UNKNOWN', 0, 0, 'UNKNOWN', 'PENDING', 'NAM', 'farm-nam');
INSERT INTO qc_record (qc_id, source_type, reference_id, inspector_name, sample_size, defects_found, quality_score, pass_status, notes, checked_at, appearance_grade, brix_level, ph_level, pesticide_residue_check, final_grade, region, site_id) VALUES ('QCRCV-f4d76188', 'RECEIVING', 'P_TICKET-97b51768', 'QC Staff A', 10, 2, 92, 'PASS', 'Standard Check', TO_DATE('2026-04-19 02:00:00', 'YYYY-MM-DD HH24:MI:SS'), 'UNKNOWN', 0, 0, 'UNKNOWN', 'PENDING', 'NAM', 'farm-nam');
INSERT INTO qc_record (qc_id, source_type, reference_id, inspector_name, sample_size, defects_found, quality_score, pass_status, notes, checked_at, appearance_grade, brix_level, ph_level, pesticide_residue_check, final_grade, region, site_id) VALUES ('QCRCV-201a91de', 'RECEIVING', 'P_TICKET-b4cf3f9f', 'QC Staff A', 10, 1, 94, 'PASS', 'Standard Check', TO_DATE('2026-01-03 02:00:00', 'YYYY-MM-DD HH24:MI:SS'), 'UNKNOWN', 0, 0, 'UNKNOWN', 'PENDING', 'NAM', 'farm-nam');
INSERT INTO qc_record (qc_id, source_type, reference_id, inspector_name, sample_size, defects_found, quality_score, pass_status, notes, checked_at, appearance_grade, brix_level, ph_level, pesticide_residue_check, final_grade, region, site_id) VALUES ('QCRCV-5cf8a271', 'RECEIVING', 'P_TICKET-869f756f', 'QC Staff A', 10, 0, 86, 'PASS', 'Standard Check', TO_DATE('2026-01-17 02:00:00', 'YYYY-MM-DD HH24:MI:SS'), 'UNKNOWN', 0, 0, 'UNKNOWN', 'PENDING', 'NAM', 'farm-nam');
INSERT INTO qc_record (qc_id, source_type, reference_id, inspector_name, sample_size, defects_found, quality_score, pass_status, notes, checked_at, appearance_grade, brix_level, ph_level, pesticide_residue_check, final_grade, region, site_id) VALUES ('QCRCV-667ec9be', 'RECEIVING', 'P_TICKET-251fd2b2', 'QC Staff A', 10, 0, 80, 'PASS', 'Standard Check', TO_DATE('2026-02-25 02:00:00', 'YYYY-MM-DD HH24:MI:SS'), 'UNKNOWN', 0, 0, 'UNKNOWN', 'PENDING', 'NAM', 'farm-nam');
INSERT INTO qc_record (qc_id, source_type, reference_id, inspector_name, sample_size, defects_found, quality_score, pass_status, notes, checked_at, appearance_grade, brix_level, ph_level, pesticide_residue_check, final_grade, region, site_id) VALUES ('QCRCV-f34fd2f0', 'RECEIVING', 'P_TICKET-ba8f3d6b', 'QC Staff A', 10, 5, 63, 'FAIL', 'Standard Check', TO_DATE('2025-12-31 02:00:00', 'YYYY-MM-DD HH24:MI:SS'), 'UNKNOWN', 0, 0, 'UNKNOWN', 'PENDING', 'NAM', 'farm-nam');
INSERT INTO qc_record (qc_id, source_type, reference_id, inspector_name, sample_size, defects_found, quality_score, pass_status, notes, checked_at, appearance_grade, brix_level, ph_level, pesticide_residue_check, final_grade, region, site_id) VALUES ('QCRCV-c44f44e7', 'RECEIVING', 'P_TICKET-1e5780cc', 'QC Staff A', 10, 7, 52, 'FAIL', 'Standard Check', TO_DATE('2026-03-16 02:00:00', 'YYYY-MM-DD HH24:MI:SS'), 'UNKNOWN', 0, 0, 'UNKNOWN', 'PENDING', 'NAM', 'farm-nam');
INSERT INTO qc_record (qc_id, source_type, reference_id, inspector_name, sample_size, defects_found, quality_score, pass_status, notes, checked_at, appearance_grade, brix_level, ph_level, pesticide_residue_check, final_grade, region, site_id) VALUES ('QCRCV-d831775b', 'RECEIVING', 'P_TICKET-25096162', 'QC Staff A', 10, 0, 99, 'PASS', 'Standard Check', TO_DATE('2026-02-12 02:00:00', 'YYYY-MM-DD HH24:MI:SS'), 'UNKNOWN', 0, 0, 'UNKNOWN', 'PENDING', 'NAM', 'farm-nam');
INSERT INTO qc_record (qc_id, source_type, reference_id, inspector_name, sample_size, defects_found, quality_score, pass_status, notes, checked_at, appearance_grade, brix_level, ph_level, pesticide_residue_check, final_grade, region, site_id) VALUES ('QCRCV-2647fa72', 'RECEIVING', 'P_TICKET-cdd4668e', 'QC Staff A', 10, 7, 59, 'CONDITIONAL', 'Standard Check', TO_DATE('2026-04-15 02:00:00', 'YYYY-MM-DD HH24:MI:SS'), 'UNKNOWN', 0, 0, 'UNKNOWN', 'PENDING', 'NAM', 'farm-nam');
INSERT INTO qc_record (qc_id, source_type, reference_id, inspector_name, sample_size, defects_found, quality_score, pass_status, notes, checked_at, appearance_grade, brix_level, ph_level, pesticide_residue_check, final_grade, region, site_id) VALUES ('QCRCV-531c27d9', 'RECEIVING', 'P_TICKET-c2a92370', 'QC Staff A', 10, 7, 54, 'CONDITIONAL', 'Standard Check', TO_DATE('2025-12-31 02:00:00', 'YYYY-MM-DD HH24:MI:SS'), 'UNKNOWN', 0, 0, 'UNKNOWN', 'PENDING', 'NAM', 'farm-nam');
INSERT INTO qc_record (qc_id, source_type, reference_id, inspector_name, sample_size, defects_found, quality_score, pass_status, notes, checked_at, appearance_grade, brix_level, ph_level, pesticide_residue_check, final_grade, region, site_id) VALUES ('QCRCV-c7753a67', 'RECEIVING', 'P_TICKET-62bc3f61', 'QC Staff A', 10, 3, 83, 'PASS', 'Standard Check', TO_DATE('2026-03-11 02:00:00', 'YYYY-MM-DD HH24:MI:SS'), 'UNKNOWN', 0, 0, 'UNKNOWN', 'PENDING', 'NAM', 'farm-nam');
INSERT INTO qc_record (qc_id, source_type, reference_id, inspector_name, sample_size, defects_found, quality_score, pass_status, notes, checked_at, appearance_grade, brix_level, ph_level, pesticide_residue_check, final_grade, region, site_id) VALUES ('QCRCV-69e7536a', 'RECEIVING', 'P_TICKET-ccbb1dec', 'QC Staff A', 10, 8, 51, 'FAIL', 'Standard Check', TO_DATE('2025-11-04 02:00:00', 'YYYY-MM-DD HH24:MI:SS'), 'UNKNOWN', 0, 0, 'UNKNOWN', 'PENDING', 'NAM', 'farm-nam');
INSERT INTO qc_record (qc_id, source_type, reference_id, inspector_name, sample_size, defects_found, quality_score, pass_status, notes, checked_at, appearance_grade, brix_level, ph_level, pesticide_residue_check, final_grade, region, site_id) VALUES ('QCRCV-816e30d5', 'RECEIVING', 'P_TICKET-81769f2c', 'QC Staff A', 10, 0, 95, 'PASS', 'Standard Check', TO_DATE('2026-01-11 02:00:00', 'YYYY-MM-DD HH24:MI:SS'), 'UNKNOWN', 0, 0, 'UNKNOWN', 'PENDING', 'NAM', 'farm-nam');
INSERT INTO qc_record (qc_id, source_type, reference_id, inspector_name, sample_size, defects_found, quality_score, pass_status, notes, checked_at, appearance_grade, brix_level, ph_level, pesticide_residue_check, final_grade, region, site_id) VALUES ('QCRCV-77ce6132', 'RECEIVING', 'P_TICKET-e78b8a05', 'QC Staff A', 10, 7, 55, 'FAIL', 'Standard Check', TO_DATE('2025-11-25 02:00:00', 'YYYY-MM-DD HH24:MI:SS'), 'UNKNOWN', 0, 0, 'UNKNOWN', 'PENDING', 'NAM', 'farm-nam');
INSERT INTO qc_record (qc_id, source_type, reference_id, inspector_name, appearance_grade, notes, pass_status, checked_at, sample_size, defects_found, quality_score, brix_level, ph_level, pesticide_residue_check, final_grade, region, site_id) VALUES ('QCHAR-007f5fa9', 'HARVEST', 'W_TICKET-daf0696a', 'Field Supervisor', 'A', 'None', 'PASS', TO_DATE('2026-03-18 22:42:45', 'YYYY-MM-DD HH24:MI:SS'), 0, 0, 0, 0, 0, 'UNKNOWN', 'PENDING', 'NAM', 'farm-nam');
INSERT INTO qc_record (qc_id, source_type, reference_id, inspector_name, brix_level, ph_level, pesticide_residue_check, final_grade, checked_at, pass_status, notes, sample_size, defects_found, quality_score, appearance_grade, region, site_id) VALUES ('QCPROD-1e01a5d5', 'PRODUCT', 'LOT-2bd273f8', 'QC Lab', 5.0, 6.0, 'PASS', 'PREMIUM', TO_DATE('2026-03-19 02:42:45', 'YYYY-MM-DD HH24:MI:SS'), 'PASS', 'None', 0, 0, 0, 'UNKNOWN', 'NAM', 'farm-nam');
INSERT INTO qc_record (qc_id, source_type, reference_id, inspector_name, appearance_grade, notes, pass_status, checked_at, sample_size, defects_found, quality_score, brix_level, ph_level, pesticide_residue_check, final_grade, region, site_id) VALUES ('QCHAR-1fa7573e', 'HARVEST', 'W_TICKET-533027d8', 'Field Supervisor', 'B', 'None', 'PASS', TO_DATE('2026-03-17 22:42:45', 'YYYY-MM-DD HH24:MI:SS'), 0, 0, 0, 0, 0, 'UNKNOWN', 'PENDING', 'NAM', 'farm-nam');
INSERT INTO qc_record (qc_id, source_type, reference_id, inspector_name, brix_level, ph_level, pesticide_residue_check, final_grade, checked_at, pass_status, notes, sample_size, defects_found, quality_score, appearance_grade, region, site_id) VALUES ('QCPROD-c1dcb977', 'PRODUCT', 'LOT-c9640aba', 'QC Lab', 13.7, 5.5, 'PASS', 'STANDARD', TO_DATE('2026-03-18 02:42:45', 'YYYY-MM-DD HH24:MI:SS'), 'PASS', 'None', 0, 0, 0, 'UNKNOWN', 'NAM', 'farm-nam');
INSERT INTO qc_record (qc_id, source_type, reference_id, inspector_name, appearance_grade, notes, pass_status, checked_at, sample_size, defects_found, quality_score, brix_level, ph_level, pesticide_residue_check, final_grade, region, site_id) VALUES ('QCHAR-e754870d', 'HARVEST', 'W_TICKET-d113f4d3', 'Field Supervisor', 'A', 'None', 'PASS', TO_DATE('2026-03-18 22:42:45', 'YYYY-MM-DD HH24:MI:SS'), 0, 0, 0, 0, 0, 'UNKNOWN', 'PENDING', 'NAM', 'farm-nam');
INSERT INTO qc_record (qc_id, source_type, reference_id, inspector_name, brix_level, ph_level, pesticide_residue_check, final_grade, checked_at, pass_status, notes, sample_size, defects_found, quality_score, appearance_grade, region, site_id) VALUES ('QCPROD-07a99d46', 'PRODUCT', 'LOT-75082c63', 'QC Lab', 6.5, 6.3, 'PASS', 'STANDARD', TO_DATE('2026-03-19 02:42:45', 'YYYY-MM-DD HH24:MI:SS'), 'PASS', 'None', 0, 0, 0, 'UNKNOWN', 'NAM', 'farm-nam');
INSERT INTO qc_record (qc_id, source_type, reference_id, inspector_name, appearance_grade, notes, pass_status, checked_at, sample_size, defects_found, quality_score, brix_level, ph_level, pesticide_residue_check, final_grade, region, site_id) VALUES ('QCHAR-18607be7', 'HARVEST', 'W_TICKET-9cdf3e1f', 'Field Supervisor', 'A', 'None', 'PASS', TO_DATE('2026-03-18 22:42:45', 'YYYY-MM-DD HH24:MI:SS'), 0, 0, 0, 0, 0, 'UNKNOWN', 'PENDING', 'NAM', 'farm-nam');
INSERT INTO qc_record (qc_id, source_type, reference_id, inspector_name, brix_level, ph_level, pesticide_residue_check, final_grade, checked_at, pass_status, notes, sample_size, defects_found, quality_score, appearance_grade, region, site_id) VALUES ('QCPROD-f641428f', 'PRODUCT', 'LOT-ff084fa0', 'QC Lab', 11.2, 5.8, 'PASS', 'STANDARD', TO_DATE('2026-03-19 02:42:45', 'YYYY-MM-DD HH24:MI:SS'), 'PASS', 'None', 0, 0, 0, 'UNKNOWN', 'NAM', 'farm-nam');
INSERT INTO qc_record (qc_id, source_type, reference_id, inspector_name, appearance_grade, notes, pass_status, checked_at, sample_size, defects_found, quality_score, brix_level, ph_level, pesticide_residue_check, final_grade, region, site_id) VALUES ('QCHAR-eff1246d', 'HARVEST', 'W_TICKET-c304c719', 'Field Supervisor', 'B', 'None', 'PASS', TO_DATE('2026-03-20 22:42:45', 'YYYY-MM-DD HH24:MI:SS'), 0, 0, 0, 0, 0, 'UNKNOWN', 'PENDING', 'NAM', 'farm-nam');
INSERT INTO qc_record (qc_id, source_type, reference_id, inspector_name, brix_level, ph_level, pesticide_residue_check, final_grade, checked_at, pass_status, notes, sample_size, defects_found, quality_score, appearance_grade, region, site_id) VALUES ('QCPROD-b873d32b', 'PRODUCT', 'LOT-6f3eb0e2', 'QC Lab', 10.9, 5.4, 'PASS', 'PREMIUM', TO_DATE('2026-03-21 02:42:45', 'YYYY-MM-DD HH24:MI:SS'), 'PASS', 'None', 0, 0, 0, 'UNKNOWN', 'NAM', 'farm-nam');
INSERT INTO qc_record (qc_id, source_type, reference_id, inspector_name, appearance_grade, notes, pass_status, checked_at, sample_size, defects_found, quality_score, brix_level, ph_level, pesticide_residue_check, final_grade, region, site_id) VALUES ('QCHAR-6cc7a1b8', 'HARVEST', 'W_TICKET-48c83ea9', 'Field Supervisor', 'C', 'None', 'PASS', TO_DATE('2026-03-17 22:42:45', 'YYYY-MM-DD HH24:MI:SS'), 0, 0, 0, 0, 0, 'UNKNOWN', 'PENDING', 'NAM', 'farm-nam');
INSERT INTO qc_record (qc_id, source_type, reference_id, inspector_name, brix_level, ph_level, pesticide_residue_check, final_grade, checked_at, pass_status, notes, sample_size, defects_found, quality_score, appearance_grade, region, site_id) VALUES ('QCPROD-026ff96d', 'PRODUCT', 'LOT-013bbdf3', 'QC Lab', 11.9, 5.2, 'PASS', 'STANDARD', TO_DATE('2026-03-18 02:42:45', 'YYYY-MM-DD HH24:MI:SS'), 'PASS', 'None', 0, 0, 0, 'UNKNOWN', 'NAM', 'farm-nam');
INSERT INTO qc_record (qc_id, source_type, reference_id, inspector_name, appearance_grade, notes, pass_status, checked_at, sample_size, defects_found, quality_score, brix_level, ph_level, pesticide_residue_check, final_grade, region, site_id) VALUES ('QCHAR-cb257588', 'HARVEST', 'W_TICKET-d53872c2', 'Field Supervisor', 'C', 'None', 'PASS', TO_DATE('2026-03-20 22:42:45', 'YYYY-MM-DD HH24:MI:SS'), 0, 0, 0, 0, 0, 'UNKNOWN', 'PENDING', 'NAM', 'farm-nam');
INSERT INTO qc_record (qc_id, source_type, reference_id, inspector_name, brix_level, ph_level, pesticide_residue_check, final_grade, checked_at, pass_status, notes, sample_size, defects_found, quality_score, appearance_grade, region, site_id) VALUES ('QCPROD-6cddd723', 'PRODUCT', 'LOT-aa24d215', 'QC Lab', 12.1, 6.5, 'PASS', 'PREMIUM', TO_DATE('2026-03-21 02:42:45', 'YYYY-MM-DD HH24:MI:SS'), 'PASS', 'None', 0, 0, 0, 'UNKNOWN', 'NAM', 'farm-nam');

-- Data for transport_ticket
INSERT INTO transport_ticket (transport_id, source_type, source_ticket_id, destination_warehouse_id, driver, vehicle, depart_time, arrive_time, status, region, site_id) VALUES ('TRANS-aa0647ca', 'PURCHASE', 'P_TICKET-a6abd074', 'WH-1fe27a1c', 'Le Hong P', 'Truck-67', TO_DATE('2026-02-17 03:00:00', 'YYYY-MM-DD HH24:MI:SS'), TO_DATE('2026-02-17 04:00:00', 'YYYY-MM-DD HH24:MI:SS'), 'Delivered', 'NAM', 'farm-nam');
INSERT INTO transport_ticket (transport_id, source_type, source_ticket_id, destination_warehouse_id, driver, vehicle, depart_time, arrive_time, status, region, site_id) VALUES ('TRANS-bbec7895', 'PURCHASE', 'P_TICKET-cac987eb', 'WH-1fe27a1c', 'Le Hong P', 'Truck-60', TO_DATE('2026-02-16 03:00:00', 'YYYY-MM-DD HH24:MI:SS'), TO_DATE('2026-02-16 04:00:00', 'YYYY-MM-DD HH24:MI:SS'), 'Delivered', 'NAM', 'farm-nam');
INSERT INTO transport_ticket (transport_id, source_type, source_ticket_id, destination_warehouse_id, driver, vehicle, depart_time, arrive_time, status, region, site_id) VALUES ('TRANS-b9da673f', 'PURCHASE', 'P_TICKET-675dc152', 'WH-1fe27a1c', 'Le Hong P', 'Truck-89', TO_DATE('2026-02-15 03:00:00', 'YYYY-MM-DD HH24:MI:SS'), TO_DATE('2026-02-15 04:00:00', 'YYYY-MM-DD HH24:MI:SS'), 'Delivered', 'NAM', 'farm-nam');
INSERT INTO transport_ticket (transport_id, source_type, source_ticket_id, destination_warehouse_id, driver, vehicle, depart_time, arrive_time, status, region, site_id) VALUES ('TRANS-b3cdb066', 'PURCHASE', 'P_TICKET-0ca2a51b', 'WH-1fe27a1c', 'Le Hong P', 'Truck-49', TO_DATE('2026-01-29 03:00:00', 'YYYY-MM-DD HH24:MI:SS'), TO_DATE('2026-01-29 04:00:00', 'YYYY-MM-DD HH24:MI:SS'), 'Delivered', 'NAM', 'farm-nam');
INSERT INTO transport_ticket (transport_id, source_type, source_ticket_id, destination_warehouse_id, driver, vehicle, depart_time, arrive_time, status, region, site_id) VALUES ('TRANS-83bf026a', 'PURCHASE', 'P_TICKET-b5a17430', 'WH-1fe27a1c', 'Ngo Gia T', 'Truck-55', TO_DATE('2026-02-18 03:00:00', 'YYYY-MM-DD HH24:MI:SS'), TO_DATE('2026-02-18 04:00:00', 'YYYY-MM-DD HH24:MI:SS'), 'Delivered', 'NAM', 'farm-nam');
INSERT INTO transport_ticket (transport_id, source_type, source_ticket_id, destination_warehouse_id, driver, vehicle, depart_time, arrive_time, status, region, site_id) VALUES ('TRANS-9a919795', 'PURCHASE', 'P_TICKET-97b51768', 'WH-1fe27a1c', 'Ngo Gia T', 'Truck-85', TO_DATE('2026-04-19 03:00:00', 'YYYY-MM-DD HH24:MI:SS'), TO_DATE('2026-04-19 04:00:00', 'YYYY-MM-DD HH24:MI:SS'), 'Delivered', 'NAM', 'farm-nam');
INSERT INTO transport_ticket (transport_id, source_type, source_ticket_id, destination_warehouse_id, driver, vehicle, depart_time, arrive_time, status, region, site_id) VALUES ('TRANS-3a7faef9', 'PURCHASE', 'P_TICKET-b4cf3f9f', 'WH-1fe27a1c', 'Le Hong P', 'Truck-31', TO_DATE('2026-01-03 03:00:00', 'YYYY-MM-DD HH24:MI:SS'), TO_DATE('2026-01-03 04:00:00', 'YYYY-MM-DD HH24:MI:SS'), 'Delivered', 'NAM', 'farm-nam');
INSERT INTO transport_ticket (transport_id, source_type, source_ticket_id, destination_warehouse_id, driver, vehicle, depart_time, arrive_time, status, region, site_id) VALUES ('TRANS-c2221795', 'PURCHASE', 'P_TICKET-869f756f', 'WH-1fe27a1c', 'Le Hong P', 'Truck-61', TO_DATE('2026-01-17 03:00:00', 'YYYY-MM-DD HH24:MI:SS'), TO_DATE('2026-01-17 04:00:00', 'YYYY-MM-DD HH24:MI:SS'), 'Delivered', 'NAM', 'farm-nam');
INSERT INTO transport_ticket (transport_id, source_type, source_ticket_id, destination_warehouse_id, driver, vehicle, depart_time, arrive_time, status, region, site_id) VALUES ('TRANS-f6952adc', 'PURCHASE', 'P_TICKET-251fd2b2', 'WH-1fe27a1c', 'Ngo Gia T', 'Truck-44', TO_DATE('2026-02-25 03:00:00', 'YYYY-MM-DD HH24:MI:SS'), TO_DATE('2026-02-25 04:00:00', 'YYYY-MM-DD HH24:MI:SS'), 'Delivered', 'NAM', 'farm-nam');
INSERT INTO transport_ticket (transport_id, source_type, source_ticket_id, destination_warehouse_id, driver, vehicle, depart_time, arrive_time, status, region, site_id) VALUES ('TRANS-29a9cca6', 'PURCHASE', 'P_TICKET-25096162', 'WH-1fe27a1c', 'Ngo Gia T', 'Truck-73', TO_DATE('2026-02-12 03:00:00', 'YYYY-MM-DD HH24:MI:SS'), TO_DATE('2026-02-12 04:00:00', 'YYYY-MM-DD HH24:MI:SS'), 'Delivered', 'NAM', 'farm-nam');
INSERT INTO transport_ticket (transport_id, source_type, source_ticket_id, destination_warehouse_id, driver, vehicle, depart_time, arrive_time, status, region, site_id) VALUES ('TRANS-ea14e4c1', 'PURCHASE', 'P_TICKET-cdd4668e', 'WH-1fe27a1c', 'Le Hong P', 'Truck-23', TO_DATE('2026-04-15 03:00:00', 'YYYY-MM-DD HH24:MI:SS'), TO_DATE('2026-04-15 04:00:00', 'YYYY-MM-DD HH24:MI:SS'), 'Delivered', 'NAM', 'farm-nam');
INSERT INTO transport_ticket (transport_id, source_type, source_ticket_id, destination_warehouse_id, driver, vehicle, depart_time, arrive_time, status, region, site_id) VALUES ('TRANS-d9c5cd7b', 'PURCHASE', 'P_TICKET-c2a92370', 'WH-1fe27a1c', 'Ngo Gia T', 'Truck-37', TO_DATE('2025-12-31 03:00:00', 'YYYY-MM-DD HH24:MI:SS'), TO_DATE('2025-12-31 04:00:00', 'YYYY-MM-DD HH24:MI:SS'), 'Delivered', 'NAM', 'farm-nam');
INSERT INTO transport_ticket (transport_id, source_type, source_ticket_id, destination_warehouse_id, driver, vehicle, depart_time, arrive_time, status, region, site_id) VALUES ('TRANS-ce38aaed', 'PURCHASE', 'P_TICKET-62bc3f61', 'WH-1fe27a1c', 'Ngo Gia T', 'Truck-17', TO_DATE('2026-03-11 03:00:00', 'YYYY-MM-DD HH24:MI:SS'), TO_DATE('2026-03-11 04:00:00', 'YYYY-MM-DD HH24:MI:SS'), 'Delivered', 'NAM', 'farm-nam');
INSERT INTO transport_ticket (transport_id, source_type, source_ticket_id, destination_warehouse_id, driver, vehicle, depart_time, arrive_time, status, region, site_id) VALUES ('TRANS-800fc8bc', 'PURCHASE', 'P_TICKET-81769f2c', 'WH-1fe27a1c', 'Ngo Gia T', 'Truck-34', TO_DATE('2026-01-11 03:00:00', 'YYYY-MM-DD HH24:MI:SS'), TO_DATE('2026-01-11 04:00:00', 'YYYY-MM-DD HH24:MI:SS'), 'Delivered', 'NAM', 'farm-nam');

-- Data for inventory
INSERT INTO inventory (inventory_id, warehouse_id, inventory_type, item_id, lot_number, origin_source, origin_ref_id, quantity_kg, updated_at, region, site_id) VALUES ('INV-1c26e3d8', 'WH-1fe27a1c', 'INGREDIENT', 'ING-61961df2', 'BATCH-1-1-85eac376', 'PURCHASE', 'BATCH-1-1-85eac376', 1234.7967594025936, TO_DATE('2026-02-17 04:00:00', 'YYYY-MM-DD HH24:MI:SS'), 'NAM', 'farm-nam');
INSERT INTO inventory (inventory_id, warehouse_id, inventory_type, item_id, lot_number, origin_source, origin_ref_id, quantity_kg, updated_at, region, site_id) VALUES ('INV-eb4783ed', 'WH-1fe27a1c', 'INGREDIENT', 'ING-61961df2', 'BATCH-1-2-84dcfb3d', 'PURCHASE', 'BATCH-1-2-84dcfb3d', 1231.569043400197, TO_DATE('2026-02-16 04:00:00', 'YYYY-MM-DD HH24:MI:SS'), 'NAM', 'farm-nam');
INSERT INTO inventory (inventory_id, warehouse_id, inventory_type, item_id, lot_number, origin_source, origin_ref_id, quantity_kg, updated_at, region, site_id) VALUES ('INV-1709d7f0', 'WH-1fe27a1c', 'INGREDIENT', 'ING-61961df2', 'BATCH-1-3-e3888c7f', 'PURCHASE', 'BATCH-1-3-e3888c7f', 1235.7430046910897, TO_DATE('2026-02-15 04:00:00', 'YYYY-MM-DD HH24:MI:SS'), 'NAM', 'farm-nam');
INSERT INTO inventory (inventory_id, warehouse_id, inventory_type, item_id, lot_number, origin_source, origin_ref_id, quantity_kg, updated_at, region, site_id) VALUES ('INV-34177c1a', 'WH-1fe27a1c', 'INGREDIENT', 'ING-61961df2', 'BATCH-1-4-63e6f64e', 'PURCHASE', 'BATCH-1-4-63e6f64e', 1263.5805890013053, TO_DATE('2026-01-29 04:00:00', 'YYYY-MM-DD HH24:MI:SS'), 'NAM', 'farm-nam');
INSERT INTO inventory (inventory_id, warehouse_id, inventory_type, item_id, lot_number, origin_source, origin_ref_id, quantity_kg, updated_at, region, site_id) VALUES ('INV-1648e5c7', 'WH-1fe27a1c', 'INGREDIENT', 'ING-61961df2', 'BATCH-2-3-3bdda224', 'PURCHASE', 'BATCH-2-3-3bdda224', 329.2107842622435, TO_DATE('2026-02-18 04:00:00', 'YYYY-MM-DD HH24:MI:SS'), 'NAM', 'farm-nam');
INSERT INTO inventory (inventory_id, warehouse_id, inventory_type, item_id, lot_number, origin_source, origin_ref_id, quantity_kg, updated_at, region, site_id) VALUES ('INV-d36e7f4c', 'WH-1fe27a1c', 'INGREDIENT', 'ING-61961df2', 'BATCH-4-1-2099c6f7', 'PURCHASE', 'BATCH-4-1-2099c6f7', 5073.4838938075145, TO_DATE('2026-04-19 04:00:00', 'YYYY-MM-DD HH24:MI:SS'), 'NAM', 'farm-nam');
INSERT INTO inventory (inventory_id, warehouse_id, inventory_type, item_id, lot_number, origin_source, origin_ref_id, quantity_kg, updated_at, region, site_id) VALUES ('INV-512df20d', 'WH-1fe27a1c', 'INGREDIENT', 'ING-9465f939', 'BATCH-5-1-8feb08e5', 'PURCHASE', 'BATCH-5-1-8feb08e5', 254.90317255144217, TO_DATE('2026-01-03 04:00:00', 'YYYY-MM-DD HH24:MI:SS'), 'NAM', 'farm-nam');
INSERT INTO inventory (inventory_id, warehouse_id, inventory_type, item_id, lot_number, origin_source, origin_ref_id, quantity_kg, updated_at, region, site_id) VALUES ('INV-59009af4', 'WH-1fe27a1c', 'INGREDIENT', 'ING-9465f939', 'BATCH-5-3-b4996cc6', 'PURCHASE', 'BATCH-5-3-b4996cc6', 246.80393537020947, TO_DATE('2026-01-17 04:00:00', 'YYYY-MM-DD HH24:MI:SS'), 'NAM', 'farm-nam');
INSERT INTO inventory (inventory_id, warehouse_id, inventory_type, item_id, lot_number, origin_source, origin_ref_id, quantity_kg, updated_at, region, site_id) VALUES ('INV-7965bbd6', 'WH-1fe27a1c', 'INGREDIENT', 'ING-9465f939', 'BATCH-5-4-37c08802', 'PURCHASE', 'BATCH-5-4-37c08802', 250.69951470125662, TO_DATE('2026-02-25 04:00:00', 'YYYY-MM-DD HH24:MI:SS'), 'NAM', 'farm-nam');
INSERT INTO inventory (inventory_id, warehouse_id, inventory_type, item_id, lot_number, origin_source, origin_ref_id, quantity_kg, updated_at, region, site_id) VALUES ('INV-d7d29d02', 'WH-1fe27a1c', 'INGREDIENT', 'ING-61961df2', 'BATCH-7-1-5d6808a2', 'PURCHASE', 'BATCH-7-1-5d6808a2', 501.5347984205183, TO_DATE('2026-02-12 04:00:00', 'YYYY-MM-DD HH24:MI:SS'), 'NAM', 'farm-nam');
INSERT INTO inventory (inventory_id, warehouse_id, inventory_type, item_id, lot_number, origin_source, origin_ref_id, quantity_kg, updated_at, region, site_id) VALUES ('INV-845cc9ba', 'WH-1fe27a1c', 'INGREDIENT', 'ING-61961df2', 'BATCH-8-2-e90e1428', 'PURCHASE', 'BATCH-8-2-e90e1428', 2497.563947572544, TO_DATE('2026-04-15 04:00:00', 'YYYY-MM-DD HH24:MI:SS'), 'NAM', 'farm-nam');
INSERT INTO inventory (inventory_id, warehouse_id, inventory_type, item_id, lot_number, origin_source, origin_ref_id, quantity_kg, updated_at, region, site_id) VALUES ('INV-f9c307fe', 'WH-1fe27a1c', 'INGREDIENT', 'ING-61961df2', 'BATCH-9-1-6b9163f9', 'PURCHASE', 'BATCH-9-1-6b9163f9', 671.3351534655121, TO_DATE('2025-12-31 04:00:00', 'YYYY-MM-DD HH24:MI:SS'), 'NAM', 'farm-nam');
INSERT INTO inventory (inventory_id, warehouse_id, inventory_type, item_id, lot_number, origin_source, origin_ref_id, quantity_kg, updated_at, region, site_id) VALUES ('INV-0fa1b236', 'WH-1fe27a1c', 'INGREDIENT', 'ING-61961df2', 'BATCH-9-3-319d0323', 'PURCHASE', 'BATCH-9-3-319d0323', 657.6404589426304, TO_DATE('2026-03-11 04:00:00', 'YYYY-MM-DD HH24:MI:SS'), 'NAM', 'farm-nam');
INSERT INTO inventory (inventory_id, warehouse_id, inventory_type, item_id, lot_number, origin_source, origin_ref_id, quantity_kg, updated_at, region, site_id) VALUES ('INV-7cd6a425', 'WH-1fe27a1c', 'INGREDIENT', 'ING-89d35f5c', 'BATCH-10-2-18343414', 'PURCHASE', 'BATCH-10-2-18343414', 126.72080137045502, TO_DATE('2026-01-11 04:00:00', 'YYYY-MM-DD HH24:MI:SS'), 'NAM', 'farm-nam');
INSERT INTO inventory (inventory_id, warehouse_id, inventory_type, item_id, lot_number, origin_source, origin_ref_id, quantity_kg, updated_at, region, site_id) VALUES ('INV-FG-9e80ef28', 'WH-f2c4f1d0', 'PRODUCT', 'PROD-d0ff5143', 'LOT-2bd273f8', 'PRODUCTION', 'LOT-2bd273f8', 170.09667815047098, TO_DATE('2026-03-19 03:12:45', 'YYYY-MM-DD HH24:MI:SS'), 'NAM', 'farm-nam');
INSERT INTO inventory (inventory_id, warehouse_id, inventory_type, item_id, lot_number, origin_source, origin_ref_id, quantity_kg, updated_at, region, site_id) VALUES ('INV-FG-cd3ee59a', 'WH-f2c4f1d0', 'PRODUCT', 'PROD-d0ff5143', 'LOT-c9640aba', 'PRODUCTION', 'LOT-c9640aba', 158.90720142897936, TO_DATE('2026-03-18 03:12:45', 'YYYY-MM-DD HH24:MI:SS'), 'NAM', 'farm-nam');
INSERT INTO inventory (inventory_id, warehouse_id, inventory_type, item_id, lot_number, origin_source, origin_ref_id, quantity_kg, updated_at, region, site_id) VALUES ('INV-FG-c3ba4e2e', 'WH-f2c4f1d0', 'PRODUCT', 'PROD-a9dfcff6', 'LOT-75082c63', 'PRODUCTION', 'LOT-75082c63', 63.650058522525676, TO_DATE('2026-03-19 03:12:45', 'YYYY-MM-DD HH24:MI:SS'), 'NAM', 'farm-nam');
INSERT INTO inventory (inventory_id, warehouse_id, inventory_type, item_id, lot_number, origin_source, origin_ref_id, quantity_kg, updated_at, region, site_id) VALUES ('INV-FG-ae52f49c', 'WH-f2c4f1d0', 'PRODUCT', 'PROD-d0ff5143', 'LOT-ff084fa0', 'PRODUCTION', 'LOT-ff084fa0', 114.36063700325188, TO_DATE('2026-03-19 03:12:45', 'YYYY-MM-DD HH24:MI:SS'), 'NAM', 'farm-nam');
INSERT INTO inventory (inventory_id, warehouse_id, inventory_type, item_id, lot_number, origin_source, origin_ref_id, quantity_kg, updated_at, region, site_id) VALUES ('INV-FG-d876c131', 'WH-f2c4f1d0', 'PRODUCT', 'PROD-a9dfcff6', 'LOT-6f3eb0e2', 'PRODUCTION', 'LOT-6f3eb0e2', 106.67700945861893, TO_DATE('2026-03-21 03:12:45', 'YYYY-MM-DD HH24:MI:SS'), 'NAM', 'farm-nam');
INSERT INTO inventory (inventory_id, warehouse_id, inventory_type, item_id, lot_number, origin_source, origin_ref_id, quantity_kg, updated_at, region, site_id) VALUES ('INV-FG-0d0b7672', 'WH-f2c4f1d0', 'PRODUCT', 'PROD-d0ff5143', 'LOT-013bbdf3', 'PRODUCTION', 'LOT-013bbdf3', 79.1300492369022, TO_DATE('2026-03-18 03:12:45', 'YYYY-MM-DD HH24:MI:SS'), 'NAM', 'farm-nam');
INSERT INTO inventory (inventory_id, warehouse_id, inventory_type, item_id, lot_number, origin_source, origin_ref_id, quantity_kg, updated_at, region, site_id) VALUES ('INV-FG-59785571', 'WH-f2c4f1d0', 'PRODUCT', 'PROD-d0ff5143', 'LOT-aa24d215', 'PRODUCTION', 'LOT-aa24d215', 69.91083586676305, TO_DATE('2026-03-21 03:12:45', 'YYYY-MM-DD HH24:MI:SS'), 'NAM', 'farm-nam');


COMMIT;
